-- phpMyAdmin SQL Dump
-- version 4.0.10deb1
-- http://www.phpmyadmin.net
--
-- Host: localhost
-- Generation Time: Feb 20, 2015 at 10:51 PM
-- Server version: 5.5.41-0ubuntu0.14.04.1
-- PHP Version: 5.5.9-1ubuntu4.6

SET SQL_MODE = "NO_AUTO_VALUE_ON_ZERO";
SET time_zone = "+00:00";


/*!40101 SET @OLD_CHARACTER_SET_CLIENT=@@CHARACTER_SET_CLIENT */;
/*!40101 SET @OLD_CHARACTER_SET_RESULTS=@@CHARACTER_SET_RESULTS */;
/*!40101 SET @OLD_COLLATION_CONNECTION=@@COLLATION_CONNECTION */;
/*!40101 SET NAMES utf8 */;

--
-- Database: `pollutantDB`
--

-- --------------------------------------------------------

--
-- Table structure for table `Categories`
--

CREATE TABLE IF NOT EXISTS `Categories` (
  `id` int(6) unsigned NOT NULL AUTO_INCREMENT,
  `name` varchar(255) NOT NULL,
  PRIMARY KEY (`id`)
) ENGINE=InnoDB  DEFAULT CHARSET=latin1 AUTO_INCREMENT=163 ;

--
-- Dumping data for table `Categories`
--

INSERT INTO `Categories` (`id`, `name`) VALUES
(136, 'Renal (Kidney)'),
(137, 'Cardio-vascular'),
(138, 'Hematology (Blood)'),
(139, 'Liver'),
(140, 'Gastrointestinal'),
(141, 'Dermatology (Skin)'),
(142, 'Respiratory'),
(143, 'Immunology'),
(144, 'Oncology (Cancer)'),
(145, 'Musculo-skeletal'),
(146, 'Ophthomology (Eye)'),
(147, 'Neurology'),
(148, 'Genito-Urinary'),
(149, 'Reproduction, Female'),
(150, 'Pediatrics'),
(151, 'Reproduction'),
(153, 'Metabolism'),
(154, 'Geriatrics'),
(155, 'Endocrine (Hormones)'),
(156, 'Allergy'),
(158, 'Ear, Nose, and Throat'),
(159, 'Reproduction, Male'),
(160, 'Developmental'),
(161, 'Birth Defects'),
(162, 'Psychiatry');

-- --------------------------------------------------------

--
-- Table structure for table `Categories_Diseases`
--

CREATE TABLE IF NOT EXISTS `Categories_Diseases` (
  `id` int(6) unsigned NOT NULL AUTO_INCREMENT,
  `diseases_id` int(6) unsigned NOT NULL,
  `category_id` int(6) unsigned NOT NULL,
  PRIMARY KEY (`id`),
  KEY `category_id` (`diseases_id`),
  KEY `diseases_id` (`category_id`)
) ENGINE=InnoDB  DEFAULT CHARSET=latin1 AUTO_INCREMENT=399 ;

--
-- Dumping data for table `Categories_Diseases`
--

INSERT INTO `Categories_Diseases` (`id`, `diseases_id`, `category_id`) VALUES
(1, 620, 136),
(2, 621, 136),
(3, 621, 154),
(4, 622, 136),
(5, 622, 143),
(6, 622, 150),
(7, 623, 136),
(8, 623, 143),
(9, 624, 136),
(10, 624, 153),
(11, 625, 137),
(12, 626, 137),
(13, 626, 154),
(14, 627, 137),
(15, 627, 154),
(16, 628, 137),
(17, 628, 143),
(18, 628, 155),
(19, 629, 137),
(20, 629, 155),
(21, 629, 154),
(22, 630, 137),
(23, 630, 153),
(24, 631, 137),
(25, 631, 154),
(26, 632, 137),
(27, 632, 154),
(28, 633, 137),
(29, 633, 154),
(30, 633, 147),
(31, 634, 137),
(32, 634, 143),
(33, 635, 138),
(34, 636, 138),
(35, 636, 143),
(36, 637, 138),
(37, 638, 138),
(38, 638, 144),
(39, 638, 150),
(40, 637, 144),
(41, 639, 138),
(42, 640, 138),
(43, 640, 144),
(44, 641, 138),
(45, 641, 144),
(46, 642, 138),
(47, 642, 139),
(48, 643, 138),
(49, 643, 143),
(50, 644, 138),
(51, 644, 150),
(52, 645, 139),
(53, 645, 140),
(54, 646, 139),
(55, 646, 140),
(56, 647, 139),
(57, 647, 140),
(58, 648, 139),
(59, 648, 140),
(60, 649, 139),
(61, 649, 140),
(62, 650, 139),
(63, 650, 140),
(64, 651, 140),
(65, 651, 155),
(66, 652, 139),
(67, 652, 140),
(68, 726, 158),
(69, 654, 141),
(70, 655, 141),
(71, 655, 143),
(72, 655, 156),
(73, 656, 141),
(74, 656, 143),
(75, 657, 141),
(76, 658, 141),
(77, 659, 141),
(78, 660, 141),
(79, 660, 156),
(80, 661, 141),
(81, 662, 142),
(82, 663, 156),
(83, 663, 143),
(84, 663, 142),
(85, 664, 143),
(86, 664, 142),
(87, 665, 142),
(88, 665, 143),
(89, 666, 142),
(90, 667, 142),
(91, 668, 142),
(92, 669, 154),
(93, 669, 142),
(94, 670, 142),
(95, 670, 143),
(96, 671, 154),
(97, 671, 142),
(98, 672, 142),
(99, 673, 142),
(100, 673, 143),
(101, 674, 142),
(102, 674, 143),
(103, 675, 142),
(104, 675, 158),
(105, 676, 142),
(106, 676, 158),
(107, 677, 142),
(108, 678, 142),
(109, 679, 142),
(110, 680, 142),
(111, 680, 156),
(112, 681, 142),
(113, 681, 143),
(114, 682, 142),
(115, 682, 143),
(116, 683, 142),
(117, 684, 142),
(118, 685, 142),
(119, 685, 143),
(120, 685, 156),
(121, 686, 142),
(122, 686, 143),
(123, 686, 158),
(124, 687, 142),
(125, 687, 143),
(126, 688, 142),
(127, 689, 143),
(128, 689, 156),
(129, 690, 141),
(130, 690, 143),
(131, 691, 143),
(132, 692, 143),
(133, 692, 155),
(134, 726, 144),
(135, 726, 142),
(136, 722, 138),
(137, 694, 143),
(138, 694, 147),
(139, 694, 162),
(140, 695, 143),
(141, 695, 147),
(142, 695, 162),
(143, 696, 143),
(144, 696, 147),
(145, 696, 162),
(146, 697, 143),
(147, 697, 147),
(148, 698, 143),
(149, 698, 145),
(150, 699, 141),
(151, 699, 143),
(152, 700, 143),
(153, 701, 143),
(154, 702, 143),
(155, 703, 137),
(156, 703, 143),
(157, 704, 141),
(158, 704, 143),
(159, 705, 144),
(160, 705, 155),
(161, 706, 139),
(162, 706, 144),
(163, 707, 148),
(164, 707, 144),
(165, 708, 145),
(166, 708, 144),
(167, 709, 144),
(168, 709, 147),
(169, 710, 147),
(170, 710, 144),
(171, 710, 150),
(172, 711, 155),
(173, 711, 149),
(174, 711, 144),
(175, 712, 140),
(176, 712, 144),
(177, 713, 149),
(178, 713, 148),
(179, 713, 144),
(180, 715, 140),
(181, 715, 144),
(182, 716, 140),
(183, 716, 144),
(184, 718, 148),
(185, 718, 144),
(186, 718, 136),
(187, 719, 158),
(188, 719, 144),
(189, 719, 142),
(190, 721, 144),
(191, 721, 142),
(192, 720, 139),
(193, 720, 144),
(194, 722, 144),
(195, 693, 156),
(196, 723, 138),
(197, 723, 144),
(198, 724, 142),
(199, 724, 144),
(200, 725, 141),
(201, 725, 144),
(202, 693, 143),
(203, 693, 144),
(204, 727, 142),
(205, 727, 144),
(206, 727, 158),
(207, 728, 144),
(208, 728, 148),
(209, 728, 149),
(210, 729, 140),
(211, 729, 144),
(212, 730, 148),
(213, 730, 159),
(214, 730, 144),
(215, 731, 144),
(216, 731, 147),
(217, 731, 150),
(218, 732, 144),
(219, 732, 158),
(220, 733, 144),
(221, 733, 150),
(222, 734, 141),
(223, 734, 144),
(224, 734, 148),
(225, 735, 141),
(226, 735, 144),
(227, 735, 158),
(228, 736, 141),
(229, 736, 144),
(230, 737, 140),
(231, 737, 144),
(232, 738, 144),
(233, 738, 148),
(234, 738, 159),
(235, 739, 144),
(236, 739, 153),
(237, 739, 155),
(238, 740, 144),
(239, 740, 148),
(240, 740, 149),
(241, 741, 144),
(242, 741, 148),
(243, 741, 149),
(244, 742, 136),
(245, 742, 144),
(246, 742, 150),
(247, 743, 145),
(248, 743, 154),
(249, 745, 145),
(250, 746, 145),
(251, 757, 160),
(252, 757, 148),
(253, 748, 146),
(254, 748, 154),
(255, 805, 154),
(256, 805, 146),
(257, 750, 147),
(258, 750, 158),
(259, 757, 159),
(260, 761, 155),
(261, 761, 148),
(262, 752, 160),
(263, 752, 148),
(264, 752, 151),
(265, 753, 148),
(266, 753, 154),
(267, 753, 159),
(268, 761, 159),
(269, 773, 160),
(270, 773, 150),
(271, 755, 160),
(272, 755, 149),
(273, 755, 148),
(274, 759, 155),
(275, 759, 149),
(276, 759, 148),
(277, 758, 160),
(278, 758, 149),
(279, 758, 148),
(280, 751, 160),
(281, 751, 148),
(282, 751, 159),
(283, 773, 151),
(284, 756, 155),
(285, 756, 149),
(286, 760, 149),
(287, 756, 159),
(288, 754, 155),
(289, 754, 149),
(290, 762, 148),
(291, 762, 149),
(292, 763, 161),
(293, 763, 160),
(294, 763, 150),
(295, 764, 150),
(296, 764, 160),
(297, 764, 161),
(298, 765, 150),
(299, 765, 160),
(300, 765, 161),
(301, 754, 148),
(302, 766, 160),
(303, 766, 148),
(304, 766, 150),
(305, 766, 151),
(306, 776, 160),
(307, 768, 145),
(308, 768, 150),
(309, 768, 161),
(310, 769, 150),
(311, 769, 160),
(312, 769, 161),
(313, 770, 150),
(314, 770, 160),
(315, 770, 161),
(316, 771, 145),
(317, 771, 150),
(318, 771, 160),
(319, 772, 150),
(320, 772, 160),
(321, 772, 161),
(322, 776, 155),
(323, 776, 151),
(324, 802, 149),
(325, 774, 160),
(326, 774, 150),
(327, 774, 151),
(328, 802, 148),
(329, 802, 151),
(330, 780, 154),
(331, 780, 147),
(332, 785, 160),
(333, 785, 147),
(334, 785, 150),
(335, 778, 160),
(336, 778, 147),
(337, 778, 150),
(338, 800, 155),
(339, 779, 147),
(340, 800, 153),
(341, 794, 154),
(342, 781, 147),
(343, 781, 150),
(344, 781, 160),
(345, 782, 147),
(346, 782, 148),
(347, 783, 147),
(348, 783, 146),
(349, 783, 160),
(350, 784, 147),
(351, 784, 150),
(352, 784, 160),
(353, 794, 147),
(354, 717, 140),
(355, 717, 144),
(356, 786, 147),
(357, 786, 146),
(358, 787, 147),
(359, 787, 150),
(360, 787, 160),
(361, 788, 147),
(362, 788, 154),
(363, 789, 147),
(364, 789, 148),
(365, 789, 159),
(366, 790, 147),
(367, 790, 154),
(368, 790, 158),
(369, 791, 147),
(370, 791, 162),
(371, 792, 147),
(372, 792, 150),
(373, 792, 160),
(374, 697, 143),
(375, 697, 145),
(376, 697, 147),
(377, 793, 147),
(378, 793, 162),
(379, 795, 145),
(380, 795, 147),
(381, 796, 147),
(382, 796, 162),
(383, 797, 147),
(384, 797, 160),
(385, 798, 145),
(386, 798, 147),
(387, 799, 147),
(388, 653, 141),
(389, 747, 154),
(390, 747, 145),
(391, 767, 161),
(392, 767, 147),
(393, 767, 150),
(394, 775, 160),
(395, 775, 150),
(396, 775, 151),
(397, 777, 150),
(398, 777, 142);

-- --------------------------------------------------------

--
-- Table structure for table `Diseases`
--

CREATE TABLE IF NOT EXISTS `Diseases` (
  `id` int(6) unsigned NOT NULL AUTO_INCREMENT,
  `name` varchar(255) NOT NULL,
  `notes` varchar(1000) DEFAULT NULL,
  PRIMARY KEY (`id`)
) ENGINE=InnoDB  DEFAULT CHARSET=latin1 AUTO_INCREMENT=832 ;

--
-- Dumping data for table `Diseases`
--

INSERT INTO `Diseases` (`id`, `name`, `notes`) VALUES
(620, 'Acute tubular necrosis', 'Cigarette smokers have double the cadmium exposure of non-smokers resulting in 4-5 times higher blood cadmium levels and 2-3 times higher kidney cadmium levels.  In nonsmokers, the main route of exposure to cadmium is through the diet.   Inorganic mercury salts are most nephrotoxic.  Methanol toxicity is due to the formation of formaldehyde and formate metabolic products.  Pentachlorophenol (PCP) causes reversible decreased renal function at subtoxic doses.  Arsine causes hemolysis and ATN secondary to hemoglobinuria.  Toluene has been implicated as a nephrotoxin in inhalation abuse of solvents and glue.  '),
(621, 'Chronic renal disease', 'Cadmium exposure in cigarette smokers is double (see acute tubular necrosis comments).   Chronic renal disease from beryllium exposure occurs with multi-organ involvement (berylliosis).'),
(622, 'Glomerulonephritis', 'Hard metal is an alloy of tungsten carbide and cobalt.'),
(623, 'Nephrotic syndrome', 'Cadmium exposure in cigarette smokers is double  (see acute tubular necrosis comments).'),
(624, 'Renal stones', 'Cadmium exposure in cigarette smokers is double (see acute tubular necrosis comments).   Up to 30% of berylliosis patients have renal stones. '),
(625, 'Arrhythmias', 'People with pre-existing coronary artery disease are more susceptible to the ischemic effects of carbon monoxide.   Dichloromethane (methylene chloride) and dihalomethanes are metabolized to carbon monoxide in the body.  Organic nitrates exposure (mainly in the explosives industry) includes ammonium, sodium nitrate, ethylene glycol dinitrate, nitroglycerin, and TNT and can cause cardiotoxicity in the absence of heart disease.  Sudden cardiac death has been reported in glue sniffers. '),
(626, 'Cardiomyopathy', ''),
(627, 'Coronary artery disease, peripheral vascular disease, atherosclerosis', 'Organic nitrates exposure (mainly in the explosives industry) includes ammonium, sodium nitrate, ethylene glycol dinitrate, nitroglycerin, and TNT and can cause cardiotoxicity in the absence of heart disease.'),
(628, 'Diabetes - Type I', 'Vacor is a rodenticide.  '),
(629, 'Diabetes - Type II', '^ These chemicals were examined as a group not individually'),
(630, 'Dyslipidemia, hypercholesterolemia', ''),
(631, 'Hypertension (high blood pressure)', 'Arsenic in drinking water has been associated with hypertension.'),
(632, 'Myocardial infarction (heart attack)', 'People with pre-existing heart disease are more susceptible to the ischemic effects of carbon monoxide.   Dichloromethane (methylene chloride) and dihalomethanes are metabolized to carbon monoxide in the body.  Organic nitrates exposure (mainly in the explosives industry) includes ammonium, sodium nitrate, ethylene glycol dinitrate, nitroglycerin, and TNT and can cause cardiotoxicity in the absence of heart disease.'),
(633, 'Cerebrovascular disease (stroke)', ''),
(634, 'Raynaud''s phenomenon', ''),
(635, 'Aplastic anemia', 'There are large variations in susceptibility to aplastic anemia which are poorly understood.  In addition to the pesticides listed, unspecified pesticide exposure in applicators, manufacturers, and agricultural workers has been associated with aplastic anemia.  In these situations, the individual is exposed to mixtures of pesticides or different pesticides at different times and associations between a specific pesticide exposure and disease can not be made.'),
(636, 'Anemia (including hemolytic)', 'Arsine gas is produced when acid comes into contact with a metal containing arsenic and is used in crystal formation and in the semiconductor industry.   Lead causes an acquired deficiency in pyrimidine-5'' nucleoidase and severe toxicity is seen in individuals with the hereditary form of this deficiency.    Naphthalene toxicity occurs most frequently in individuals with G6PD deficiency.'),
(637, 'Adult-onset leukemias*', '* - general category including acute and chronic leukemia.  + - Group 1 human carcinogen, # - Group 2A human carcinogen,  ^ - Group 2B human carcinogen (IARC),    In addition to the pesticides listed, unspecified pesticide exposure in applicators, manufacturers, and agricultural workers has been associated with leukemia.  In these situations, the individual is exposed to mixtures of pesticides or different pesticides at different times. Associations between a specific pesticide exposure and disease can not be made.'),
(638, 'Childhood leukemias', '+ - Group 1 human carcinogen (IARC) Parental exposure to ionizing radiation, metal dusts, organic solvents, pesticides, and hydrocarbons have been associated with increased rates of childhood leukemia.   Also, childhood exposure to pesticides applied indoors up to age 3 has been associated with leukemia. '),
(639, 'Methemoglobinemia', 'Anilines are fat-soluble and readily penetrate intact skin through clothing and also can be inhaled as vapor.  Chlorate salts are used primarily in pesticides and herbicides.'),
(640, 'Multiple myeloma', 'Organic solvent exposure in painters has been associated with multiple myeloma. In addition to the pesticides listed, unspecified pesticide exposure in applicators, manufacturers, and agricultural workers has been associated with multiple myeloma.  In these situations, the individual is exposed to mixtures of pesticides or different pesticides at different times. Associations between a specific pesticide exposure and disease can not be made. '),
(641, 'Myelodysplastic syndrome (pre-leukemia)', 'This condition is associated with chromosomal aberrations, especially deletions in chromosomes 5 and 7.  Damage to these chromosome has been induced in vitro (test tube) using benzene metabolites on peripheral blood lymphocytes.   Pesticides and organic solvents have also been postulated to cause aberrations in chromosomes 5 and 7. Occupational exposure to solvents (paints, varnishes, solvents and glues), pesticides (insecticides, weed killers), and petroleum products (diesels, petrols, oils, greases, dyes, inks and colourings) have been associated with MDS.'),
(642, 'Porphyria (toxic)', 'Hexachlorobenzene exposure in adults results in cutaneous photosensitivity and porphyrinuria.  However, in infants, exposure results in high mortality and neurotoxicity (convulsions) without porphyrinuria.  Aluminum inhibits some heme synthetic enzymes and has been implicated in causing porphyria in chronic hemodialysis patients, whom are often aluminum overloaded.   Lead intoxication causes signs and symptoms similar to acute intermittent porphyria including abdominal pain, constipation and vomiting.  However, anemia which is often found with lead intoxication is virtually absent in porphyria.  '),
(643, 'Thrombocytopenia', ''),
(644, 'Thrombocytopenic purpura', ''),
(645, 'Acute hepatocellular injury (hepatitis)', ' '),
(646, 'Cholestasis', ''),
(647, 'Cirrhosis', 'Organic solvent exposure in shipyard workers, painters, and printers has been associated with cirrhosis. '),
(648, 'Granulomatous disease (liver)', ''),
(649, 'Hepatoma', ''),
(650, 'Hepatoportal sclerosis', 'A rare form of non-cirrhotic periportal fibrosis resulting in portal hypertension.'),
(651, 'Pancreatitis', ''),
(652, 'Steatosis (fatty liver)', 'Arsenical pesticides have been associated with steatosis.   Hydrocarbon exposure in petrochemical workers has been associated with non-alcoholic fatty liver disease.'),
(653, 'Alopecia (hair loss)', ''),
(654, 'Chloracne', ''),
(655, 'Contact dermatitis - allergic', 'There are over 3,000 chemical agents which have been implicated as causal agents in allergic contact dermatitis, only broad categories are listed here. Rhus antigens are poisons oak, ivy or sumac'),
(656, 'Contact dermatitis - irritant', 'Over 65,000 chemical agents have been implicated as causal agents in irritant contact dermatitis, only broad categories are listed here. '),
(657, 'Erythema multiforme', ''),
(658, 'Hyperkeratosis / hyperpigmentation', ''),
(659, 'Leukoderma (hypopigmentation)', ''),
(660, 'Photosensitivity', '@ - hexavalent chromium compounds'),
(661, 'Skin ulceration', ''),
(662, 'Asbestosis', 'Diffuse interstitial pulmonary fibrosis caused by inhalation of asbestos fibers that may progress despite discontinuation of exposure and can have a latency period of 10-30 years. The incidence of asbestosis has diminished markedly with protective measures.'),
(663, 'Asthma - allergen, sensitizer', 'Allergens causing allergic asthma can also cause allergic rhinitis. Over 250 agents have been documented to cause immunological occupational asthma, a few broad categories are included here. The haplotype HLA DQB1*0503 is associated with TDI asthma, while allele DQB1*0501 confers protection to TDI.   The Th2 type of T helper cells has been associated with an increased likelihood of developing allergies and asthma.   Air pollutants may act in conjunction with common allergens to increase sensitivity to other common allergens.'),
(664, 'Asthma - irritant', 'Numerous agents have been associated with asthma - a few are included here. Regarding air pollutants, nitrogen and sulfer oxides may exacerbate asthma in individuals with the disease, but have not been found to cause asthma in healthy individuals.  However diesel exhaust, a major source of PM2.5 and nitrogen dioxide, has been causally associated with asthma.  Ozone has been associated with both causing and exacerbating asthma. Risk of asthma is associated with both prenatal and postnatal exposure to secondhand smoke, and is clearly dose-related, with rates increasing with more smoking family members and in the homes of heavy smokers. Cigarette smoke resembles diesel exhaust and industrial emissions, containing a similar mix of tiny particles, thousands of toxic chemicals, and numerous respiratory irritants. Exposure to cigarette smoke and to outdoor air pollution may therefore cause similar asthmatic responses.  '),
(665, 'Berylliosis', 'Berryliosis is a granulomatous inflammatory disease similar to sarcoidosis, secondary to chronic beryllium exposure.  May also involve skin, liver, spleen, salivary glands, kidney, and bone.  A genetic predisposition to chronic beryllium disease. has been observed in the MHC II leukocyte antigen marker haplotype, HLA-DPB1, with a glutamic acid residue at position 69.'),
(666, 'Black lung disease', 'Coal worker''s pneumoconiosis resulting from coal mine dust.'),
(667, 'Bronchiolitis obliterans', 'Acramin-FWN is found in paint aerosols that are used in the textile industry. It has been associated with an epidemic of bronchiolitis obliterans organizing pneumonia.  Dieacetyl is a food flavoring used to impart a buttery flavor to popcorn. '),
(668, 'Bronchitis - acute', 'Numerous agents have been associated with bronchitis, including the chemical agents listed here. @ - hexavalent chromium compounds'),
(669, 'Bronchitis - chronic', ''),
(670, 'Brown lung disease (byssinosis)', 'Has been applied to describe both acute and chronic response to exposure.'),
(671, 'COPD (chronic obstructive pulmonary disease)', 'Cement dust, chlorine, coal dust, grain dust, cotton/hemp/flax dust, and sulfur dioxide have all been shown to act additively or multiplicatively with tobacco smoke to cause disease.'),
(672, 'Flock workers disease', ''),
(673, 'Hard metal disease', ' Hard metal are alloys of tantalum, titanium, and tungsten carbide.'),
(674, 'Metal fume fever', 'Acute, self-limiting flu-like illness common in welders.'),
(675, 'Nasal polyps', ''),
(676, 'Nasal septal perforation', ''),
(677, 'Pleural disease (effusions, plaques, thickening)', ''),
(678, 'Pneumoconiosis', '*Metal alloys found in dental labs containing chromium, cobalt, nickel, molybdenum, berryllium, and titanium.'),
(679, 'Pneumonia', 'Pulmonary infiltrates have been demonstrated in pesticide applicators and after prolonged exposure to pesticides.'),
(680, 'Pneumonitis (hypersensitivity)', '*Organic dusts are contaminated with bacteria, fungi, amoebae, or animal proteins.  '),
(681, 'Polymer Fume Fever', 'Self-limited flu-like illness caused by degradation products formed by heating Teflon products to greater than 300 C'),
(682, 'Pulmonary disease-anemia syndrome', 'Caused by repeated hi-dose exposure to TMA fumes.  Coombs positive hemolytic anemia and respiratory failure are evident.'),
(683, 'Pulmonary edema', ''),
(684, 'Pulmonary fibrosis', ''),
(685, 'Rhinitis - allergic', 'Allergens causing allergic rhinitis also can cause sinusitis and occupational asthma.  Numerous agents have been associated with rhinitis - a few are included here.  Acid anhydrides are found in epoxy resins and paints.'),
(686, 'Rhinitis - irritant', ''),
(687, 'Sarcoidosis', ''),
(688, 'Silicosis', 'Silicosis is associate with an increased incidence of mycobacterial and/or fungal infections'),
(689, 'Autoimmune antibodies (positive ANA, anti-DNA, RF, etc.)', 'Although the presence of auto-antibodies is a part of the diagnosis of autoimmune disease, the relevance of auto-antibodies in otherwise health individuals is unknown.   Mercury-induced autoimmunity has a strong genetic component. Some strains of rats are completely resistant while others are exquisitely sensitive to mercury toxicity.  Susceptibility has been linked to MHC and non-MHC genes.'),
(690, 'Dermatomyositis', ''),
(691, 'Eosinophilia-myalgia syndrome', 'Epidemic in New Mexico, 1989, caused by contamination of dietary supplement, L-tryptophan, with 3-(Phenylamino)alanine.  Mortality rate 2.7%.  Symptoms resembled connective tissue disease with myalgias, eosinophilia, and scleroderma-like skin disease.  Etiology and syndrome similar to toxic oil syndrome.   HLA-DR4 phenotype associated with chronic disease.'),
(692, 'Hashimoto''s (autoimmune) thyroiditis', ''),
(693, 'Immune suppression*', '* Broad non-specific category that includes decreased levels of circulating immune cells (including white blood cells), decreased levels of circulating antibodies, altered cell function, decreased immune response, decreased resistance to infection, and increased tumor susceptibility.    In mice, allelic variation in the Ah receptor has been shown to confer different sensitivities to TCDD.  At high concentrations, metals usually exert immunosuppresive effects; however, at lower concentrations immunoenhancement has been observed.  '),
(694, 'Multiple chemical sensitivity', 'A generalized, non-organ specific collection of symptoms that recur and abate in response to stimuli, often at very low levels and triggered by chemicals and olfactory stimuli. Substances listed are triggers for symptoms. The pathophysiology of MCS is not well understood.'),
(695, 'Gulf War Syndrome', 'The case definition of Gulf War Syndrome remains somewhat broad as do the potential causes. Symptoms may include chronic fatigue, joint and muscle aches, and gastrointestinal symptoms. Some studies implicate co-exposures to insecticides and a nerve-gas protective agent (PB) as contributory. There is evidence that pesticides, caffeine and adrenergic agents potentiate the effects of PB.'),
(696, 'Chronic fatigue syndrome', 'A medically unexplained syndrome characterized by disabiling fatigue accompanied by infectious, rheumatological, and neuropsychiatric symptoms. The causes are unknown but hypothesized to be multiple.'),
(697, 'Multiple sclerosis', 'A reduced risk of MS mortality has been shown in occupations with exposure to sunlight. Occupational solvent exposure has been associated with MS.'),
(698, 'Rheumatoid arthritis', ''),
(699, 'Scleroderma', 'Occupational silica exposure has been associated with the development of scleroderma in males but not females.  The scleroderma-like syndrome caused by vinyl chloride has been shown to occur in groups with HLA-DR5, similar to patients with classic idiopathic scleroderma.  A case of scleroderma has been reported after exposure to a herbicide containing a combination of bromobutyl methyl uracil, dichlorophenyl dimethylurea, and aminotriazole.'),
(700, 'Systemic lupus erythematosus', ''),
(701, 'Toxic oil syndrome', 'Epidemic in Madrid, 1981, caused by rapeseed (canola) oil denatured with 2% aniline and sold illegally for food use.  2.3% mortality rate with symptoms resembling a connective tissue disease including vasculitis, scleroderma-like skin disease, eosinophilia, high IgE and low levels of autoantibodies.  HLA DR3-DR4 were associated with chronic disease. Etiology and syndrome are very similar to eosinophilic-myalgia syndrome.'),
(702, 'Undifferentiated connective tissue disease', 'Solvents exposure from paint thinners or removers and the use of mineral spirits have been associated with UCTD.'),
(703, 'Vasculitis', 'Includes primary systemic vasculitis, Wegener''s granulomatosis, microscopic polyangitis, Churg-Strauss syndrome. Occupations such as farming and agricultural work have been associated with vasculitis.'),
(704, 'Acroosteolysis  (vinyl chloride disease)', 'Affected workers polymerizing vinyl chloride in 1960''s.  Patients developed finger parathesias, cold sensitivity, Raynaud''s phenomenon, pseudo-clubbing of the fingers, and skin edema and thickening of the fingers, hands, and forearms.   Increased prevalence noted in HLA DR3 and DR3/B8 haplotypes.  '),
(705, 'Adrenal cancer', '# - Group 2B human carcinogen (IARC)'),
(706, 'Angiosarcoma (hepatic)', '+ - Group 1 human carcinogen, # - Group 2B human carcinogen (IARC) '),
(707, 'Bladder cancer', ' + - Group 1 human carcinogen, # - Group 2A human carcinogen, ^ - Group 2B human carcinogen (IARC)  ''*4-COT is the metabolite of chlordimeform Genetic differences in N-acetyltransferase, which detoxifies carcinogens, explain some variability in risk of disease. Individuals who are ''slow'' acetylators have a greater susceptibility to bladder cancer than ''fast'' acetylators. In addition to groups or individual pesticides listed, pesticide exposure in applicators, manufacturers and agricultural workers has been associated with bladder cancer. In these situations, the individual is exposed to mixtures of pesticides or different pesticides at different times. A correlation between an individual pesticide and disease can not be made. The link with propoxur is based on animal studies'),
(708, 'Bone cancer/Ewings sarcoma', '+ - Group 1 human carcinogen (IARC) Pesticide exposure in farmers and other occupations where diverse exposures to mixtures of pesticides can occur has been associated with sarcomas.  In these studies, individual pesticides cannot be identified.  Parental occupational exposure to pesticides has been associated with Ewing''s sarcoma.'),
(709, 'Brain cancer - adult*', '*Includes gliomas, meningiomas, astrocytomas and other brain and CNS tumors. '' + - Group 1 human carcinogen, # - Group 2A human carcinogen, ^ - Group 2B human carcinogen (IARC)  An increased incidence of brain ca has been observed in agriculture workers and farmers.'),
(710, 'Brain cancer - childhood', 'Parental exposure to aromatic amines in dyes and pigments, ionizing radiation, organic solvents, and pesticide exposure have been associated with an increased risk of childhood brain cancer.  Parental exposure to EMF, paints or inks, and pesticides has been associated with neuroblastoma. In addition to groups or individual pesticides listed, pesticide exposure in the home or by parents at their occupations has also been associated with childhood brain ca.  In these situations, the individual is exposed to mixtures of pesticides and a correlation between an individual pesticide and disease can not be made. '),
(711, 'Breast cancer', ' + - Group 1 human carcinogen, # - Group 2A human carcinogen, ^ - Group 2B human carcinogen (IARC)  \r\nOccupational exposure to vehicular exhaust was associated with an increased risk of breast cancer in males. Cigarette smoke, especially second-hand smoke, contains high levels of PAHs. Eleven constituents of cigarette smoke have been found to cause mammary gland carcinogens in animals. These chemicals include benzo[a]pyrene, dibenzo[a,l]pyrene, 2-toluidine, 4-aminobiphenyl,2-amino-3-methylimidazoquinoline, 2-amino-1-methyl-6-phenylimidazopyridine, butadiene, isoprene, nitromethane, ethylene oxide, and benzene. \r\n% - secondhand smoke exposure in pre-menopausal women has been associated with breast cancer, but not in post-menopausal women.\r\n*-Genetic polymorphisms in the estrogen metabolizing enzyme, CYP1A1, may predispose some women to breast ca after PCB exposure. Women with a genetic variant in the NAT enzyme system (slow acetylators) have a 70% increased risk of breast cancer if the'),
(712, 'Carcinoid', ''),
(713, 'Cervical cancer', '# - Group 2A human carcinogen, ^ - Group 2B human carcinogen (IARC)  Organic solvent exposure in dry cleaners and pesticide exposure in applicators has been associated with cervical ca.'),
(714, 'Cholangiocarcinoma', '^ - Group 2B human carcinogen (IARC)'),
(715, 'Colorectal cancer', 'Organic solvent exposure in commercial pressmen has been associated with colo-rectal cancer.   Limited data showing association of colo-rectal ca in children with insecticide use. In addition to groups or individual pesticides listed, pesticide exposure in applicators, manufacturers and agricultural workers has been associated with colorectal ca.  In these situations, the individual is exposed to mixtures of pesticides or different pesticides at different times and a correlation between an individual pesticide and disease can not be made. '),
(716, 'Gallbladder cancer', '^ - Group 2B human carcinogen (IARC).    In addition to individual pesticides listed, exposure to pesticides by applicators, manufacturers and agricultural workers has been associated with gallbladder ca.  In these situations, the individual is exposed to mixtures of pesticides or different pesticides at different times and a correlation between individual pesticides and disease can not be made.'),
(717, 'Esophageal cancer', '+ - Group 1 human carcinogen, # - Group 2A human carcinogen, ^ - Group 2B human carcinogen (IARC).    Organic solvent exposure in dry cleaners has been associated with esophageal ca, individual chemicals cannot be identified in these studies. Pesticide exposure associated with disease includes insecticides, fungicides, and herbicides in both manufacturing processes and agricultural work (applicators, farmers).  Individual chemicals cannot be identified in these studies.'),
(718, 'Renal (kidney) cancer', '+ - Group 1 human carcinogen,  # - Group 2A human carcinogen, ^ - Group 2B human carcinogen (IARC).   \nOrganic solvent and degreasing exposure in iron/steel and dry cleaning/laundry workers. Pesticide exposure associated with disease includes insecticides, fungicides and herbicides in both manufacturing processes and agricultural work (applicators, farmers).  Individual chemicals have not been identified in these studies.'),
(719, 'Laryngeal cancer', '+ - Group 1 human carcinogen, # - Group 2A human carcinogen (IARC)'),
(720, 'Hepatocellular cancer (liver cancer)', '+ - Group 1 human carcinogen (IARC),  # - Group 2A human carcinogen (IARC),  ^ - Group 2B human carcinogen (IARC).  Note: many chemicals cause liver cancer in laboratory animals and the list here is incomplete. The links to propoxur, to mepanipyrim and to  2,2'',3,3'',4,4'',5,5'',6,6''-decabromodiphenyl ether (BDE-209) are based on animal studies.'),
(721, 'Lung cancer', '+ - Group 1 human carcinogen,  # - Group 2A human carcinogen,  ^ - Group 2B human carcinogen, ` - Group 3 human carcinogen (IARC).  \r\nNNN and NNK are tobacco specific nitrosamines.  In addition to groups or individual pesticides listed, pesticide exposure in applicators, manufacuters and agricultural workers has been associated with lung ca.  In these situations, the individual is exposed to mixtures of pesticides or different pesticides at different times and a correlation between an individual pesticide and disease can not be made. PAH-DNA adduct levels have been related to carcinogen metabolizing genes such as CYP1A1, GSTM1 and GSTP1. The CYP1A1, MspI variant, in Japanese smokers has been associated with an increased risk of lung ca.  A deficiency glutathione S-transferase activity, GSTM1, has been associated with an increased risk of smoking associated lung ca. Asbestos, arsenic, and uranium have been reported to act additively or multiplicatively with tobacco smoke to cause diseas'),
(722, 'Lymphoma (non-Hodgkin''s)', '+ - Group 1 human carcinogen,# - Group 2A human carcinogen,^ - Group 2B human carcinogen (IARC).  \r\nParental exposure to ionizing radiation and pesticides have been associated with NHL in children.'),
(723, 'Hodgkin''s disease (lymphoma)', '^ - Group 2B human carcinogen (IARC).  In addition to groups or individual pesticides listed, pesticide exposure in applicators, manufacturers and agricultural workers has been associated with Hodgkin''s lymphoma.  In these situations, the individual is exposed to mixtures of pesticides or different pesticides at different times and a correlation between an individual pesticide and disease can not be made.'),
(724, 'Mesothelioma', '+ - Group 1 human carcinogen.   Latency can be 30-50 years after asbestos exposure.  Mesothelioma rates due to asbestos are expected to peak 2010-2030.'),
(725, 'Mycosis fungoides (cutaneous T-cell lymphoma)', 'A chronic cutaneous T-cell lymphoma (non-Hodgkins). '),
(726, 'Nasopharyngeal / sino-nasal cancer', '+ - Group 1 human carcinogen, # - Group 2A human carcinogen,  ^ - Group 2B human carcinogen (IARC)'),
(727, 'Oral cancer', '+ - Group 1 human carcinogen, ^ - Group 2B human carcinogen (IARC) NNN and NNK are tobacco specific nitrosamines. '),
(728, 'Ovarian cancer', 'Research related to 4-vinylcyclohexene shows effects of ovarian cancer in mice (Prop 65 listed for both reproductive/developmental toxicity and cancer)'),
(729, 'Pancreatic cancer', '+ - Group 1 human carcinogen (IARC) \nOrganic solvent exposure in commercial pressmen and dry cleaners.  \nNNK is a tobacco specific nitrosamines  \nOne case-control study found an association between organochlorine levels and K-ras mutations in pancreatic ca.'),
(730, 'Prostate cancer', '# - Group 2A human carcinogen, ^ - Group 2B human carcinogen (IARC) (IARC), Polymorphisms of genes for enzymes NAT-1, CYP2D6*B, and GSTT1 have been weakly associated with increased risks of prostate ca. Pesticide exposure in applicators, manufacturers, and farmers has been associated with prostate ca.  In these studies, the individual was exposed to mixtures of pesticides that are unidentifiable from study designs.'),
(731, 'Retinoblastoma', 'Exposure to pesticides through farming in maternal grandparents was associated with retinoblastoma in one case-control study.'),
(732, 'Salivary gland cancer', ''),
(733, 'Soft tissue sarcoma*', '* Includes rhabdomyosarcoma, fibrosarcoma and other types of soft tissue sarcoma.   ''+ - Group 1 human carcinogen, ^ - Group 2B human carcinogen (IARC) Limited data have associated pesticide use with increased risk of STS in children.  '),
(734, 'Scrotal cancer', '+ - Group 1 human carcinogen, # - Group 2A human carcinogen (IARC)'),
(735, 'Melanoma (skin cancer)', 'Pesticide, carbon tetrachloride, asbestos, and formaldehyde exposure have been associated with intra-ocular melanomas. Pesticide exposure in applicators and farm workers has been associated with melanoma. In these situations, the individual is exposed to mixtures of pesticides or different pesticides at different times and a correlation between an individual pesticide and disease can not be made.'),
(736, 'Skin cancer (non-melanoma)', '+ - Group 1 human carcinogen, # - Group 2A human carcinogen (IARC), Skin cancer caused by chemical exposure can take 20-50 years to manifest. The link to oryzalin is based on skin fibroma and fibrosarcoma in male rats and combined malignant and benign skin tumors in female rats.'),
(737, 'Stomach cancer', '# - Group 2A human carcinogen, ^ - Group 2B human carcinogen (IARC) Pesticide exposure in applicators, manufacturers, farmers and other occupations with diverse exposures to mixtures of pesticides has been associated with stomach ca.  In these studies it was not possible to associate the cancer with individual pesticide exposure.'),
(738, 'Testicular cancer', ' ^ - Group 2B human carcinogen (IARC),  *4-COT is the metabolite of chlordimeform. Pesticide exposure in applicators, manufacturers, farmers and other occupations with diverse exposures to mixtures of pesticides has been associated with testicular ca.  In these studies, it was not possible to correlate an individual pesticide exposure with disease.  Parental exposure to pesticides has also been associated with testicular ca. in male offspring.'),
(739, 'Thyroid cancer', '# - Group 2A human carcinogen, ^ - Group 2B human carcinogen (IARC) Pesticide exposure in agricultural areas and in farmers with diverse exposures to mixtures of pesticides has been associated with thyroid cancer. In these studies, it was not possible to correlate an individual pesticide exposure with disease. The link with oryzalin was shown in animal studies.'),
(740, 'Uterine cancer', 'The link to propoxur is based on animal studies.'),
(741, 'Vaginal cancer', ''),
(742, 'Wilm''s tumor', 'Parental occupational exposure has been associated with childhood Wilm''s tumor. '),
(743, 'Gout', ''),
(744, 'Itai-itai disease', 'A combination of osteomalacia and osteoporosis caused by the consumption of cadmium contaminated rice in '),
(745, 'Osteomalacia', 'cadmium - related to calcium and phosphorus wasting and impaired synthesis of Vitamin D.'),
(746, 'Osteosclerosis', ''),
(747, 'Osteoporosis', 'Lead accumulates in bone and increased exposure may result in women during times of increased bone turnover (e.g. pregnancy, lactation, and menopause)'),
(748, 'Cataracts', ''),
(750, 'Olfactory alterations (hyposmia, anosmia, dysomias)', ''),
(751, 'Abnormal sperm (morphology, motility, and sperm count)', 'Maternal tobacco smoking has recently been correlated with decreased sperm density. '),
(752, 'Altered sex ratio', 'In families where fungicides were applied by the father, significantly fewer male children were born (44) An increase in male fetal death has been observed due to methyl mercury in Minamata, Japan in the 1950s.'),
(753, 'Benign prostatic hypertrophy', ''),
(754, 'Early onset menopause', ''),
(755, 'Endometriosis', ''),
(756, 'Hormonal changes  (levels of circulating sex hormones - FSH/LH, Inhibin, and/or estrogens, progesterones, androgens, prolactin)', 'Herbicide applicators and fungicide use in males hs been associated with changes in FSH and LH serum levels.'),
(757, 'Reduced fertility - male (infertility and subfertility)', 'Subpopulations of men with genetic polymorphisms in ion channel isoforms may be at a higher risk for sperm damage from heavy metal exposure. Exposure to pesticides in farming or pesticide application have been associated with reduced time to pregnancy.  Studies have not identified particular pesticides or pesticide classes.'),
(758, 'Reduced fertility - female (infertility and subfertility)', 'Women exposed to DDT in the womb have been shown to have reduced fertility (increased time to pregnancy) as adults.'),
(759, 'Menstrual disorders (abnormal bleeding, short cycles, long cycles, irregular cycles, painful periods)', 'Menstrual disorders includes abnormal bleeding: hypermenorrhea/menorrhagia, ammenorrhea/oligomenorrhea, irregular cycles/metorrhagia, dysmenorrhea, '),
(760, 'Pre-eclampsia (pregnancy-induced hypertension)', ''),
(761, 'Testicular toxicity', 'Toxicity with selected glycol ethers: ethylene glycol monomethyl ether; ethylene glycol monoethyl ether'),
(762, 'Ovarian atrophy', ''),
(763, 'Congenital malformations - general', 'In addition to individual pesticides that have been identified in some epidemiological studies, maternal pesticide exposure in the home or occupationally (farmers, agricultural workers) has been associated with birth defects.  The design of the majority of these studies were not able to identify specific pesticides associated with birth defects .'),
(764, 'Cardiac congenital malformations*', '*Cardiac malformations include common truncus, transposition of the great vessels, tetralogy of Fallot, anomalies of the pulmonary valve, tricuspid and aortic valve anomalies, hypoplastic left heart, coarctation of the aorta, ventricular septal defects, atrial septal defects, interrupted aortic arch, anomalies of the pulmonary artery and an Ebstein anomaly.  Trihalomethanes, including trichloroethylene, are found in drinking water as by-products of disinfection, usually by chlorine. Maternal pesticide exposure in the home or occupationally (farmers, agricultural workers) has been associated with CV malformations. Genetic polymorphisms in the solvent-metabolizing enzyme, glutathione-S-transferase, has been found to mediate the risks of organic solvents for the cardiac malformations, pulmonic valve stenosis and atrial septal defects. Cigarette smoking has been associated with CV malformations inconsistently, and in a sub-set of older mothers or those with a h/o miscarriage.'),
(765, 'Choanal atresia', 'Nasal defect--blockage of the nasal airway by bony or membranous tissue. Associated with trichloroethylene contamination of wells in Woburn, MA. '),
(766, 'Genito-urinary malformations (includes male and female)', 'Maternal pesticide exposure in agricultural workers has been associated with cryptorchidism.  Paternal pesticide exposure has been associated with cryptorchidism as well. '),
(767, 'Neural tube defects / CNS malformations*', '*Includes eye malformations (congenital cataracts), anencephaly, and hydrocephaly. Trihalomethanes are found in drinking water as by-products of disinfection, usually with chlorine. Carbon tetrachloride and trichloroethylene as drinking water contaminants. Maternal pesticide exposure in agricultural workers and in the home have been associated with NTD. Individual pesticide exposure was not identified in these studies.'),
(768, 'Skeletal malformations*', '*Includes limb reduction, syndactyly, and polydactyly. Parental exposure to pesticides have been associated with a 3-4 fold risk of skeletal malformations.'),
(769, 'Oral clefts  (cleft lip and palate)', 'Parental pesticide exposure in the home and occupationally in agricultural workers has been associated with oral clefts. Environmental exposure to alcohol, tobacco smoke or dioxins may interfere with gene expression (TGFA and TGFB3) required for palate and lip formation. Trihalomethanes, including chloroform, are found in drinking water as by-products of disinfection (usually by chlorine).  Carbon tetrachloride and trichloroethylene as drinking water contaminants.'),
(770, 'Cranio-facial malformations*', '*Includes microcephaly, macrocephaly, gingival hyperplasia, wide saggital suture, facial edema, and exophthalmos.'),
(771, 'Delayed growth', ''),
(772, 'Fetal alcohol syndrome / fetal solvent syndrome', ''),
(773, 'Fetotoxicity (miscarriage / spontaneous abortion, stillbirth)', 'Anesthetic gases include halothane, nitrous oxide and ethane.   Toluene, nitrous oxide, and ethylene oxide exposure in a male have been associated with miscarriage in the female partner. Trihalomethanes, including bromodichloromethane, are found in drinking water as by-products of disinfection (usually by chlorine). Pesticide exposure occupationally such as in farming and pesticide application in the home has been associated with spontaneous abortion and stillbirth. While some studies have investigated particular pesticides, most studies do not identify individual pesticide or classes of pesticides.'),
(774, 'Low birth weight / small for gestational age / intra-uterine growth retardation', 'Trihalomethanes are found in drinking water as by-products of disinfection, usually by chlorine. Carbon tetrachloride, Tetrachloroethylene and trichloroethylene as contaminants of drinking water'),
(775, 'Preterm delivery', ''),
(776, 'Altered time to sexual maturation  (accelerated or delayed puberty)', 'Some chemicals are associated with both delayed and early puberty. For lead, delays in puberty are most marked in African-American and Mexican-American girls with blood lead concentrations 3 mg/dL'),
(777, 'Sudden infant death syndrome (SIDS)', ''),
(778, 'ADD/ADHD, hyperactivity', ''),
(779, 'ALS  (Lou Gehrig''s disease)', ''),
(780, 'Alzheimer''s', 'Pesticide exposures as defined by occupational exposure  (vineyard worker, farmer, farm worker, animal breeder) has been associated with Alzheimers.'),
(781, 'Behavioral problems*', '*Includes aggression, impulsivity, and delinquent behavior'),
(782, 'Bladder  (neurogenic)', '*used as a catalyst in the manufacture of polyurethane '),
(783, 'Decreased vision  (includes blindness, retinopathy, optic neuropathy)', 'Methanol toxicity is due to formaldehyde and formate metabolic products.'),
(784, 'Cerebral palsy', ''),
(785, 'Cognitive impairment (includes impaired learning, impaired memory, and decreased attention span) / mental retardation / developmental delay', 'Cognitive impairment in children may occur as a result of exposures in utero or in early childhood during brain development. Metabolic studies have shown that infants absorb more manganese than adults.  Manganese is added to infant formula. The effects of lead on I.Q. are non-linear and  proportionally greater at lower concentrations.  \r\nCanfield et al. found associated declines in I.Q. greatest at lifetime average blood lead concentrations less than 10 mg/dL.   An estimated loss of 7.4 IQ points was calculated for lifetime average blood lead concentrations from 1 up to 10 mg/dL and a loss of 2.5 IQ points for concentrations 10-20 mg/dL'),
(786, 'Color vision disturbance', ''),
(787, 'Decreased coordination / dysequilibrium*', '* includes visual-spatial skills, gross motor skills, gait and movement disorders'),
(788, 'Dementia', ''),
(789, 'Erectile dysfunction', 'DMAPN - used as a catalyst in the manufacturing of polyurethane'),
(790, 'Hearing loss', 'Co-exposure to noise and solvents may have a combined effect on hearing loss.'),
(791, 'Hypoactivity', ''),
(792, 'Minamata disease', 'Prenatal exposure to MeHg resulting in MR, CP, microcephaly and seizures.'),
(793, 'Neurosthenia (organic affective syndrome)', 'Characterized by symptoms of irritability, fatigability, difficulty in concentrating, loss of interest in daily events.'),
(794, 'Parkinson''s disease / movement disorders', 'Parkinsonism symptoms include tremor, rigidity, gait disturbances, bradykinesia, and impairment of postural reflexes. Pesticide exposures as defined by occupational exposure (vineyard worker, agricultural worker, farmer, animal breeder, pesticide applicator) or inferred by rural residences or well water as source of drinking water has been associated with PD.  Several population based case-control studies have identified a 3-4 fold increased likelihood of PD with past herbicide or insecticide exposure.  Paraquat has a structure similar to MPTP. A possible role of gene-pesticide interactions in the etiology of PD has been postulated with reports of associations between glutathione transferase polymorphisms, NAT-2 slow acetylators, and slow 4-hydroxylation of debrisoquine (CYP 2D6 29B+) and PD.  These genetic variants may increase risk from environmental exposure by slowing detoxification of exogenous compounds.'),
(795, 'Peripheral neuropathy', 'Elemental mercury and mercury vapor cause peripheral neuropathy, but organic mercury effects are not well understood. Hexacarbons: n-hexane and methyl n-butyl ketone cause ""glue-sniffer"" neuropathy. *Organophosphates cause a delayed neuropathy occurring 1-3 weeks after exposure.  Compounds associated with this include chlorpyrifos, dichlorvos, ethyl 4-nitrophenyl phenylphosphonothionate, leptophos, methamidophos, mipafox, omethoate, parathion, tri-ortho-cresyl phosphate, trichlorofon, and trichlornat. DMAPN - used as a catalyst in the manufacture of polyurethane'),
(796, 'Psychiatric disturbances (disorientation, hallucinations, psychosis, delirium, paranoias, anxiety/depression, emotional lability, mood changes, euphoria)', ' '),
(797, 'Seizures', ''),
(798, 'Spasticity / myoclonus', ''),
(799, 'Trigeminal neuropathy', ''),
(800, 'Thyroid disorders - hypothyroidism', ''),
(802, 'Uterine fibroids', ''),
(805, 'Macular degeneration', ''),
(809, 'Sinusoidal cancer', ''),
(810, 'Hemangiosarcoma', ''),
(811, 'Developmental toxicity, not otherwise specified', 'The link to di-isodecyl phthalate (DIDP) is based on abnormal skeletal and kidney development. The link to chromium (VI) includes birth defects. The link to chromium VI refers to developmental toxicity including birth defects (Prop 65 listed).'),
(812, 'Acute non-lymphocytic leukemia', ''),
(813, 'Acute lymphocytic leukemia', ''),
(814, 'Chronic lymphocytic leukemia', ''),
(816, 'Neurobehavioral abnormalities', ''),
(817, 'Reproduction, male, not otherwise specified', ''),
(818, 'Central nervous system depression', ''),
(819, 'Cancer, not otherwise specified', 'The links to 1,2,3-trichloropropane; cumene; 1,3-butadiene; 2,4,6-trinitrotoluene (TNT); dibromoacetic acid; iprovalicarb and anthraquinone are based on multi-site tumors in animal studies (Prop 65 listed). The link to indium phosphide involves multi-site cancer, including lung, liver, adrenal, in animal tests (Prop 65 listed). The link to benthiavalicarb-isopropyl is based on animal tests (Prop 65 listed). The link to 2,3,4,7,8-pentachlorodibenzofuran is based on multisite cancer (animal tests: IARC group ! Carcinogen). The link to 3,3'',4,4'',5-Pentachlorobiphenyl (PCB126) is based on multi-site cancer (IARC Group 1 carcinogen).'),
(820, 'Reproductive tract toxicity, male', 'Research related to 4-vinylcyclohexene shows effects on sperm in mice (Prop 65 listed for both reproductive/developmental toxicity and cancer)'),
(821, 'Altered neurodevelopment with changes in behavior', ''),
(822, 'Altered prostate gland development ', ''),
(824, 'Kidney cancer', ''),
(825, 'Reproductive tract toxicity, female', 'Research related to 4-vinylcyclohexene shows effects on ovaries in mice (Prop 65 listed for both reproductive/developmental toxicity and cancer). '),
(826, 'Ovarian toxicity', 'The link to Vinyl cyclohexene dioxide is from studies with mice and rats. '),
(827, 'Red blood cell damage', 'Toxicity with glycol ethers: 2-butoxyethanol, 2-methoxyethanol, 2-ethoxyethanol, 2-isopropoxyethanol'),
(828, 'Neurodevelopmental toxicity', 'Links to 2,2'',3,3'',4,4'',5,5'',6,6''-Decabromodiphenyl ether (BDE-209) are from animal tests.'),
(829, 'Kidney toxicity', ''),
(830, 'Liver toxicity', ''),
(831, 'Reproduction, female, not otherwise specified', 'The link to chromium (VI) is based on its Prop 65 listing.');

-- --------------------------------------------------------

--
-- Table structure for table `Diseases_Toxins`
--

CREATE TABLE IF NOT EXISTS `Diseases_Toxins` (
  `id` int(6) unsigned NOT NULL AUTO_INCREMENT,
  `disease_id` int(6) unsigned NOT NULL,
  `toxin_id` int(6) unsigned NOT NULL,
  `evidence_strength` int(1) DEFAULT NULL,
  PRIMARY KEY (`id`),
  KEY `disease_id` (`disease_id`),
  KEY `toxin_id` (`toxin_id`)
) ENGINE=InnoDB  DEFAULT CHARSET=latin1 AUTO_INCREMENT=2857 ;

--
-- Dumping data for table `Diseases_Toxins`
--

INSERT INTO `Diseases_Toxins` (`id`, `disease_id`, `toxin_id`, `evidence_strength`) VALUES
(1, 620, 2317, 1),
(2, 620, 2318, 1),
(3, 620, 2319, 1),
(4, 620, 2320, 1),
(5, 620, 2321, 1),
(6, 620, 2322, 1),
(7, 620, 2442, 1),
(8, 620, 2324, 1),
(9, 620, 2325, 1),
(10, 620, 2993, 1),
(11, 620, 2327, 1),
(12, 620, 2771, 1),
(13, 620, 2329, 1),
(14, 620, 2330, 1),
(15, 620, 2331, 1),
(16, 620, 2332, 2),
(17, 620, 2333, 2),
(18, 620, 2334, 2),
(19, 620, 2335, 2),
(20, 620, 2336, 2),
(21, 620, 2337, 2),
(22, 620, 2338, 2),
(23, 620, 2882, 2),
(24, 620, 2325, 2),
(25, 620, 2340, 2),
(26, 620, 2341, 2),
(27, 620, 2342, 2),
(28, 620, 2343, 2),
(29, 620, 2344, 2),
(30, 620, 2345, 3),
(31, 620, 2346, 3),
(32, 620, 2347, 3),
(33, 620, 2348, 3),
(34, 620, 2349, 3),
(35, 620, 2350, 3),
(36, 620, 2351, 3),
(37, 620, 2352, 3),
(38, 620, 2353, 3),
(39, 620, 2354, 3),
(40, 620, 2325, 3),
(41, 620, 2355, 3),
(42, 620, 2356, 3),
(43, 620, 2357, 3),
(44, 620, 2358, 3),
(45, 621, 2359, 1),
(46, 621, 2321, 1),
(47, 621, 2319, 1),
(48, 621, 2360, 2),
(49, 621, 2320, 2),
(50, 621, 2348, 2),
(51, 621, 2322, 2),
(52, 621, 2361, 2),
(53, 621, 2362, 2),
(54, 621, 2338, 2),
(55, 621, 2363, 3),
(56, 621, 2325, 3),
(57, 621, 2364, 3),
(58, 621, 2365, 3),
(59, 621, 2343, 3),
(60, 622, 2366, 2),
(61, 622, 2367, 2),
(62, 622, 2321, 2),
(63, 622, 2322, 2),
(64, 622, 2325, 2),
(65, 622, 2361, 2),
(66, 622, 2363, 3),
(67, 622, 2368, 3),
(68, 622, 2338, 3),
(69, 623, 2319, 2),
(70, 623, 2367, 2),
(71, 623, 2321, 2),
(72, 623, 3009, 2),
(73, 623, 2331, 2),
(74, 623, 2322, 3),
(75, 623, 2325, 3),
(76, 623, 2363, 3),
(77, 623, 2993, 3),
(78, 623, 2371, 3),
(79, 623, 2341, 3),
(80, 624, 2359, 1),
(81, 624, 2319, 1),
(82, 625, 2345, 1),
(83, 625, 2372, 1),
(84, 625, 2373, 1),
(85, 625, 2374, 1),
(86, 625, 2375, 1),
(87, 625, 2376, 1),
(88, 625, 2377, 1),
(89, 625, 2463, 1),
(90, 625, 2379, 1),
(91, 625, 2380, 1),
(92, 625, 2695, 1),
(93, 625, 2353, 1),
(94, 625, 2771, 1),
(95, 625, 2318, 2),
(96, 625, 2384, 2),
(97, 625, 2385, 2),
(98, 625, 2321, 2),
(99, 625, 2386, 2),
(100, 625, 2325, 2),
(101, 625, 2387, 2),
(102, 625, 2388, 2),
(103, 625, 2993, 2),
(104, 625, 2363, 2),
(105, 625, 2327, 2),
(106, 625, 2355, 2),
(107, 625, 2390, 2),
(108, 759, 2337, 1),
(109, 625, 2392, 2),
(110, 625, 2356, 2),
(111, 625, 2393, 2),
(112, 625, 2341, 2),
(113, 625, 2342, 2),
(114, 625, 2394, 2),
(115, 625, 2395, 3),
(116, 625, 2319, 3),
(117, 625, 2396, 3),
(118, 625, 2397, 3),
(119, 625, 2398, 3),
(120, 625, 2399, 3),
(121, 625, 2331, 3),
(122, 626, 2373, 1),
(123, 626, 2396, 1),
(124, 626, 2345, 2),
(125, 626, 2319, 2),
(126, 626, 2321, 2),
(127, 626, 2359, 3),
(128, 626, 2325, 3),
(129, 627, 2321, 1),
(130, 627, 2401, 1),
(131, 627, 3013, 1),
(132, 627, 2363, 1),
(133, 627, 2379, 1),
(134, 627, 2373, 2),
(135, 627, 2787, 2),
(136, 627, 2322, 2),
(137, 627, 2432, 2),
(138, 627, 2404, 2),
(139, 627, 2345, 2),
(140, 627, 2319, 2),
(141, 627, 2405, 3),
(142, 632, 2363, 1),
(143, 632, 2373, 1),
(144, 632, 2375, 1),
(145, 628, 2409, 2),
(146, 628, 2410, 3),
(147, 628, 2411, 3),
(148, 628, 2463, 3),
(149, 628, 2463, 3),
(150, 628, 2414, 3),
(151, 628, 2415, 3),
(152, 629, 2345, 1),
(153, 629, 2404, 2),
(154, 629, 2400, 2),
(155, 629, 2416, 3),
(156, 629, 2417, 3),
(157, 630, 2363, 2),
(158, 630, 2404, 2),
(159, 630, 2415, 2),
(160, 631, 2363, 1),
(161, 631, 2321, 1),
(162, 631, 2345, 2),
(163, 631, 2373, 2),
(164, 631, 2418, 2),
(165, 631, 2319, 3),
(166, 631, 2419, 3),
(167, 631, 2416, 3),
(168, 631, 2322, 3),
(169, 631, 2415, 3),
(170, 631, 2404, 3),
(171, 631, 2421, 3),
(172, 632, 2376, 1),
(173, 632, 2422, 1),
(174, 632, 2377, 1),
(175, 632, 2463, 1),
(176, 632, 2379, 1),
(177, 632, 2401, 1),
(178, 632, 3013, 1),
(179, 632, 2345, 2),
(180, 632, 2984, 2),
(181, 632, 2321, 2),
(182, 632, 2322, 3),
(183, 632, 2399, 3),
(184, 726, 2883, 3),
(185, 726, 2371, 1),
(186, 726, 2800, 1),
(187, 726, 2399, 1),
(188, 726, 2607, 1),
(189, 726, 3013, 1),
(190, 726, 2401, 1),
(191, 634, 2426, 1),
(192, 634, 2421, 1),
(193, 634, 2345, 2),
(194, 634, 2463, 2),
(195, 634, 2720, 3),
(196, 634, 2356, 3),
(197, 634, 2341, 3),
(198, 635, 2388, 1),
(199, 635, 2337, 1),
(200, 635, 2345, 2),
(201, 635, 2335, 2),
(202, 635, 2367, 2),
(203, 635, 2322, 2),
(204, 635, 2325, 2),
(205, 635, 2993, 2),
(206, 635, 2526, 2),
(207, 635, 2429, 2),
(208, 635, 2330, 2),
(209, 635, 2380, 2),
(210, 635, 2430, 2),
(211, 635, 2431, 2),
(212, 635, 2432, 2),
(213, 635, 2433, 3),
(214, 635, 2349, 3),
(215, 635, 2380, 3),
(216, 635, 2531, 3),
(217, 635, 2436, 3),
(218, 635, 2416, 3),
(219, 635, 2437, 3),
(220, 635, 2353, 3),
(221, 635, 2438, 3),
(222, 635, 2439, 3),
(223, 636, 2440, 1),
(224, 636, 2318, 1),
(225, 636, 2388, 1),
(226, 636, 2348, 1),
(227, 636, 2321, 1),
(228, 636, 2442, 1),
(229, 636, 2432, 1),
(230, 636, 2345, 2),
(231, 636, 2319, 2),
(232, 636, 2322, 2),
(233, 636, 2441, 2),
(234, 636, 2442, 2),
(235, 636, 2443, 2),
(236, 726, 2884, 2),
(237, 726, 2885, 2),
(238, 726, 2406, 2),
(239, 726, 2612, 3),
(240, 726, 2388, 3),
(241, 726, 2785, 3),
(242, 726, 2804, 3),
(243, 726, 2886, 3),
(244, 726, 2517, 3),
(245, 726, 2794, 3),
(246, 726, 2441, 3),
(247, 726, 2414, 3),
(248, 726, 2330, 3),
(249, 726, 2380, 3),
(250, 726, 2639, 3),
(251, 726, 2887, 3),
(252, 726, 2888, 3),
(253, 726, 2449, 3),
(254, 726, 2488, 3),
(255, 726, 2730, 3),
(256, 726, 2760, 3),
(257, 726, 2874, 3),
(258, 726, 2776, 3),
(260, 722, 2446, 1),
(261, 722, 2404, 1),
(262, 722, 2445, 2),
(263, 722, 2785, 2),
(264, 722, 2869, 2),
(265, 722, 2337, 2),
(266, 722, 2325, 2),
(267, 722, 2363, 2),
(268, 722, 2993, 2),
(269, 722, 2341, 2),
(270, 722, 2356, 2),
(271, 722, 2415, 2),
(272, 722, 2380, 2),
(273, 722, 2448, 2),
(275, 722, 2695, 2),
(276, 722, 2755, 2),
(277, 722, 2870, 2),
(278, 722, 2471, 2),
(279, 722, 2453, 2),
(280, 722, 2353, 2),
(281, 722, 2430, 2),
(282, 722, 2871, 2),
(283, 722, 2872, 2),
(284, 722, 2437, 2),
(285, 722, 2531, 2),
(286, 722, 2774, 2),
(287, 722, 2416, 2),
(288, 722, 2487, 2),
(289, 641, 2388, 1),
(290, 639, 2440, 1),
(291, 639, 2462, 1),
(292, 639, 2348, 1),
(293, 639, 2441, 1),
(294, 639, 2463, 1),
(295, 639, 2432, 1),
(296, 639, 2464, 1),
(297, 639, 2465, 2),
(298, 639, 2466, 2),
(299, 639, 2790, 2),
(300, 639, 2468, 2),
(301, 639, 2771, 2),
(302, 639, 2509, 3),
(304, 640, 2337, 1),
(305, 640, 2404, 2),
(306, 640, 2380, 2),
(307, 640, 2470, 2),
(308, 640, 2419, 2),
(309, 640, 2448, 3),
(310, 640, 2450, 3),
(311, 640, 2416, 3),
(312, 640, 2471, 3),
(313, 640, 2472, 3),
(314, 640, 2325, 3),
(315, 640, 2393, 3),
(316, 640, 2341, 3),
(317, 640, 2882, 3),
(318, 641, 2337, 1),
(319, 641, 2474, 2),
(320, 641, 2325, 2),
(321, 641, 2380, 2),
(322, 641, 2475, 2),
(323, 641, 3013, 2),
(324, 641, 2476, 3),
(325, 641, 2345, 3),
(326, 641, 2477, 3),
(327, 641, 2450, 3),
(328, 641, 2361, 3),
(329, 641, 2478, 3),
(330, 641, 2451, 3),
(331, 641, 2317, 3),
(332, 641, 2348, 3),
(333, 641, 2399, 3),
(334, 641, 2479, 3),
(335, 642, 2474, 1),
(336, 642, 2698, 1),
(337, 642, 2406, 1),
(338, 642, 2415, 1),
(339, 642, 2404, 2),
(340, 642, 2482, 2),
(341, 642, 2321, 2),
(342, 642, 2392, 2),
(343, 642, 2325, 2),
(344, 642, 2993, 2),
(345, 642, 2327, 2),
(346, 642, 2484, 2),
(347, 642, 2484, 2),
(348, 642, 2371, 2),
(349, 642, 2380, 2),
(350, 642, 2531, 2),
(351, 642, 2436, 2),
(352, 642, 2416, 2),
(353, 642, 2353, 2),
(354, 642, 2485, 2),
(355, 642, 2419, 2),
(356, 642, 2487, 2),
(357, 642, 2488, 2),
(358, 642, 2421, 2),
(359, 642, 2405, 3),
(360, 642, 2489, 3),
(361, 642, 2490, 3),
(362, 642, 2491, 3),
(363, 643, 2388, 1),
(364, 643, 2367, 2),
(365, 643, 2421, 2),
(366, 643, 2380, 3),
(367, 643, 2430, 3),
(368, 643, 2416, 3),
(369, 643, 2454, 3),
(370, 643, 2619, 3),
(371, 638, 2337, 1),
(372, 643, 2437, 3),
(373, 643, 2495, 3),
(374, 643, 2496, 3),
(375, 643, 2497, 3),
(376, 644, 2380, 3),
(377, 644, 2437, 3),
(378, 644, 2498, 3),
(379, 644, 2495, 3),
(380, 644, 2330, 3),
(381, 644, 2500, 3),
(382, 644, 2325, 3),
(383, 644, 2497, 3),
(384, 645, 2501, 1),
(385, 645, 2482, 1),
(386, 645, 2502, 1),
(387, 645, 2474, 1),
(388, 645, 2337, 1),
(389, 645, 2331, 1),
(390, 645, 2325, 1),
(391, 645, 2346, 1),
(392, 645, 2993, 1),
(393, 645, 2503, 1),
(394, 645, 2327, 1),
(395, 645, 2504, 1),
(396, 645, 2340, 1),
(397, 645, 2341, 1),
(398, 645, 2432, 1),
(399, 645, 2506, 1),
(400, 645, 2507, 1),
(401, 645, 2372, 2),
(402, 645, 2698, 2),
(403, 645, 2508, 2),
(404, 645, 2338, 2),
(405, 645, 2333, 2),
(406, 645, 2415, 2),
(407, 645, 2364, 2),
(408, 645, 2404, 2),
(409, 645, 2393, 2),
(410, 645, 2509, 3),
(411, 645, 2510, 3),
(412, 645, 2511, 3),
(413, 645, 2512, 3),
(414, 645, 2352, 3),
(415, 645, 2380, 3),
(416, 645, 2531, 3),
(417, 645, 2513, 3),
(418, 645, 2487, 3),
(419, 645, 2358, 3),
(420, 645, 2984, 3),
(421, 645, 2342, 3),
(422, 645, 2394, 3),
(423, 646, 2720, 1),
(424, 646, 2398, 1),
(425, 646, 2982, 1),
(426, 646, 2633, 2),
(427, 646, 2344, 2),
(428, 646, 2487, 3),
(429, 646, 2338, 3),
(430, 647, 2506, 1),
(431, 647, 2474, 1),
(432, 647, 2993, 1),
(433, 647, 2502, 1),
(434, 647, 2415, 1),
(435, 647, 2340, 1),
(436, 647, 2432, 1),
(437, 647, 2345, 2),
(438, 647, 2482, 2),
(439, 647, 2325, 2),
(440, 647, 2341, 2),
(441, 647, 2371, 3),
(442, 647, 2517, 3),
(443, 647, 2518, 3),
(444, 647, 2380, 3),
(445, 647, 2519, 3),
(446, 647, 2393, 3),
(447, 648, 2359, 2),
(448, 648, 2348, 2),
(449, 648, 2520, 3),
(450, 648, 2521, 3),
(451, 648, 2361, 3),
(452, 649, 2720, 1),
(453, 649, 2698, 3),
(454, 649, 2522, 3),
(455, 649, 2523, 3),
(456, 650, 2345, 2),
(457, 650, 2524, 2),
(458, 650, 2421, 2),
(459, 651, 2474, 1),
(460, 651, 2504, 2),
(461, 651, 2335, 2),
(462, 651, 2329, 2),
(463, 651, 2353, 2),
(464, 651, 2993, 3),
(465, 651, 2396, 3),
(466, 651, 2475, 3),
(467, 651, 2330, 3),
(468, 651, 2341, 3),
(469, 652, 2474, 1),
(470, 652, 2325, 1),
(471, 652, 2993, 1),
(472, 652, 2327, 1),
(473, 652, 2504, 1),
(474, 652, 2340, 1),
(475, 652, 2393, 1),
(476, 652, 2331, 1),
(477, 652, 2345, 2),
(478, 652, 2482, 2),
(479, 652, 2517, 2),
(480, 652, 2526, 2),
(481, 652, 2984, 2),
(482, 652, 2432, 2),
(483, 653, 2418, 1),
(484, 653, 2345, 2),
(485, 653, 2527, 2),
(486, 653, 2367, 2),
(487, 653, 2771, 2),
(488, 638, 2448, 2),
(489, 654, 2528, 1),
(490, 654, 2415, 1),
(491, 654, 2419, 1),
(492, 654, 2487, 1),
(493, 654, 2488, 1),
(494, 654, 2529, 1),
(495, 654, 2530, 1),
(496, 654, 2531, 1),
(497, 654, 2416, 1),
(498, 654, 2532, 1),
(499, 654, 2533, 1),
(500, 654, 2404, 1),
(501, 654, 2330, 2),
(502, 655, 2534, 1),
(503, 655, 2445, 1),
(504, 655, 2535, 1),
(505, 655, 2509, 1),
(506, 655, 2537, 1),
(507, 655, 2538, 1),
(508, 655, 2539, 1),
(509, 655, 2540, 1),
(510, 655, 2371, 1),
(511, 655, 2541, 1),
(512, 655, 2542, 1),
(513, 655, 2543, 1),
(514, 655, 2544, 1),
(515, 655, 2545, 1),
(516, 655, 2317, 1),
(517, 655, 2380, 1),
(518, 655, 2546, 1),
(519, 655, 2547, 1),
(520, 655, 2548, 1),
(521, 655, 2549, 1),
(522, 707, 2737, 1),
(523, 707, 2738, 1),
(524, 707, 2768, 1),
(525, 707, 2740, 1),
(526, 707, 2741, 1),
(527, 707, 2345, 1),
(528, 707, 2742, 1),
(529, 707, 2743, 1),
(530, 707, 2744, 1),
(531, 707, 2745, 1),
(532, 707, 2746, 1),
(533, 707, 2552, 1),
(534, 707, 2747, 1),
(535, 707, 2771, 1),
(536, 707, 3013, 1),
(537, 707, 2406, 1),
(538, 657, 2353, 3),
(539, 658, 2345, 1),
(540, 658, 2552, 1),
(541, 658, 2552, 1),
(542, 658, 2558, 1),
(543, 658, 2869, 1),
(544, 658, 2882, 1),
(545, 658, 2698, 1),
(546, 658, 2415, 3),
(547, 659, 2561, 1),
(548, 659, 2869, 1),
(549, 659, 2563, 1),
(550, 659, 2564, 1),
(551, 659, 2444, 2),
(552, 659, 2695, 3),
(553, 659, 2565, 3),
(554, 660, 2566, 2),
(555, 660, 2567, 2),
(556, 660, 2807, 2),
(557, 660, 2320, 2),
(558, 660, 2552, 2),
(559, 660, 2569, 2),
(560, 660, 2406, 2),
(561, 660, 2380, 2),
(562, 660, 2442, 2),
(563, 661, 2572, 1),
(564, 661, 2345, 1),
(565, 661, 2359, 1),
(566, 661, 2574, 1),
(567, 661, 2575, 1),
(568, 661, 2320, 1),
(569, 661, 2576, 1),
(570, 661, 2480, 1),
(571, 661, 2554, 1),
(572, 662, 2450, 1),
(573, 663, 2577, 1),
(574, 663, 2578, 1),
(575, 663, 2579, 1),
(576, 663, 2580, 1),
(577, 663, 2581, 1),
(578, 663, 2582, 1),
(579, 663, 2583, 1),
(580, 663, 2584, 1),
(581, 663, 2585, 1),
(582, 663, 2586, 1),
(583, 663, 2537, 1),
(584, 663, 2587, 1),
(585, 663, 2588, 1),
(586, 663, 2589, 1),
(587, 663, 2590, 1),
(588, 663, 2591, 1),
(589, 663, 2592, 1),
(590, 663, 2593, 1),
(591, 663, 2540, 1),
(592, 663, 2594, 1),
(593, 663, 2595, 1),
(594, 663, 2596, 1),
(595, 663, 2545, 1),
(596, 663, 2597, 1),
(597, 663, 2405, 1),
(598, 663, 2320, 1),
(599, 663, 2396, 1),
(600, 663, 2399, 1),
(601, 663, 2598, 1),
(602, 663, 2599, 1),
(603, 663, 2324, 1),
(604, 751, 2513, 1),
(605, 663, 2601, 1),
(606, 663, 2602, 1),
(607, 663, 2603, 1),
(608, 663, 2604, 1),
(609, 664, 2627, 1),
(610, 663, 2606, 1),
(611, 663, 2607, 1),
(612, 663, 2608, 1),
(613, 663, 2609, 1),
(614, 663, 3014, 1),
(615, 663, 2424, 2),
(616, 663, 2475, 2),
(617, 663, 2610, 2),
(618, 663, 2611, 2),
(619, 663, 2612, 2),
(620, 663, 2613, 2),
(621, 663, 2371, 2),
(622, 663, 2614, 2),
(623, 663, 2615, 2),
(624, 663, 2616, 2),
(625, 663, 2444, 2),
(626, 663, 2617, 2),
(627, 663, 2618, 2),
(628, 663, 3009, 2),
(629, 663, 2619, 2),
(630, 663, 2620, 2),
(631, 663, 2621, 2),
(632, 663, 2622, 2),
(633, 663, 2623, 3),
(634, 663, 2624, 3),
(635, 663, 2625, 3),
(636, 663, 2626, 3),
(637, 664, 2424, 1),
(638, 664, 2475, 1),
(639, 664, 2628, 1),
(640, 664, 2379, 1),
(641, 664, 2630, 1),
(642, 664, 2476, 1),
(643, 664, 2631, 1),
(644, 664, 2632, 1),
(645, 664, 2633, 1),
(646, 664, 2422, 1),
(647, 664, 2401, 1),
(648, 664, 3013, 1),
(649, 664, 2634, 2),
(650, 664, 2517, 2),
(651, 664, 2635, 2),
(652, 664, 2636, 2),
(653, 664, 2610, 2),
(654, 664, 2380, 2),
(655, 664, 2353, 2),
(656, 664, 2695, 2),
(657, 664, 2637, 2),
(658, 664, 2771, 2),
(659, 664, 2388, 3),
(660, 664, 2638, 3),
(661, 664, 2327, 3),
(662, 664, 2639, 3),
(663, 664, 2640, 3),
(664, 664, 2541, 3),
(665, 664, 2625, 3),
(666, 664, 2953, 3),
(667, 664, 2642, 3),
(668, 664, 2643, 3),
(669, 664, 2342, 3),
(670, 669, 2476, 1),
(671, 665, 2359, 1),
(672, 666, 2615, 1),
(673, 667, 2644, 1),
(674, 667, 2645, 1),
(675, 667, 2684, 1),
(676, 667, 2631, 1),
(677, 667, 2637, 1),
(678, 667, 2610, 1),
(679, 667, 2422, 1),
(680, 667, 2630, 1),
(681, 667, 2668, 2),
(682, 667, 2648, 2),
(683, 667, 2649, 2),
(684, 667, 2650, 2),
(685, 668, 2476, 1),
(686, 668, 2631, 1),
(687, 668, 2320, 1),
(688, 668, 2651, 1),
(689, 668, 2322, 1),
(690, 668, 2359, 2),
(691, 668, 2398, 2),
(692, 668, 2610, 2),
(693, 668, 2652, 2),
(694, 668, 2380, 3),
(695, 668, 2531, 3),
(696, 668, 2353, 3),
(697, 668, 2324, 3),
(698, 669, 2405, 1),
(699, 669, 2615, 1),
(700, 669, 2596, 1),
(701, 669, 2317, 1),
(702, 669, 2372, 1),
(703, 669, 2653, 1),
(704, 669, 2654, 1),
(705, 669, 2324, 1),
(706, 669, 2763, 1),
(707, 669, 2656, 1),
(708, 669, 2632, 1),
(709, 669, 2657, 1),
(710, 669, 2658, 1),
(711, 669, 2608, 1),
(712, 669, 2607, 1),
(713, 669, 2379, 1),
(714, 669, 2520, 1),
(715, 669, 2361, 1),
(716, 669, 2660, 1),
(717, 669, 2661, 1),
(718, 669, 2630, 1),
(719, 669, 2662, 1),
(720, 669, 3013, 1),
(721, 669, 2345, 2),
(722, 669, 2663, 2),
(723, 669, 2608, 2),
(724, 669, 2325, 2),
(725, 669, 2415, 2),
(726, 669, 2637, 2),
(727, 778, 2474, 1),
(728, 778, 2415, 1),
(729, 670, 2632, 1),
(730, 670, 2664, 1),
(731, 670, 2657, 1),
(732, 670, 2658, 1),
(733, 670, 2665, 1),
(734, 778, 2321, 1),
(735, 778, 2398, 2),
(736, 778, 2325, 2),
(737, 778, 2401, 2),
(738, 778, 2319, 3),
(739, 778, 2911, 3),
(740, 778, 2380, 3),
(741, 778, 2416, 3),
(742, 778, 2353, 3),
(743, 778, 2696, 3),
(744, 778, 2485, 3),
(745, 785, 2363, 1),
(746, 757, 2363, 1),
(747, 761, 2720, 1),
(748, 761, 2474, 1),
(749, 761, 2728, 3),
(750, 761, 2527, 3),
(751, 761, 2446, 3),
(752, 761, 2949, 1),
(753, 761, 2950, 3),
(754, 761, 2951, 3),
(755, 761, 2380, 3),
(756, 761, 2947, 3),
(757, 672, 2668, 2),
(758, 673, 2396, 1),
(759, 674, 2669, 1),
(760, 674, 2670, 1),
(761, 674, 2348, 2),
(762, 674, 2345, 3),
(763, 674, 2527, 3),
(764, 674, 2319, 3),
(765, 674, 2398, 3),
(766, 674, 2399, 3),
(767, 674, 2480, 3),
(768, 674, 2671, 3),
(769, 675, 2320, 1),
(770, 675, 2607, 1),
(771, 676, 2320, 1),
(772, 676, 2345, 2),
(773, 676, 2359, 2),
(774, 676, 2348, 2),
(775, 676, 2399, 2),
(776, 676, 2372, 3),
(777, 677, 2450, 1),
(778, 677, 2672, 1),
(779, 677, 2673, 1),
(780, 677, 2521, 2),
(781, 678, 2372, 1),
(782, 678, 2450, 1),
(783, 678, 2672, 1),
(784, 678, 2673, 1),
(785, 678, 2674, 2),
(786, 678, 2417, 2),
(787, 678, 2317, 2),
(788, 678, 2480, 2),
(789, 678, 2675, 3),
(790, 678, 2395, 3),
(791, 678, 2535, 3),
(792, 678, 2366, 3),
(793, 678, 2604, 3),
(794, 678, 2677, 3),
(795, 679, 2359, 2),
(796, 679, 2319, 2),
(797, 679, 2398, 2),
(798, 679, 2322, 2),
(799, 679, 2399, 2),
(800, 679, 2628, 2),
(801, 679, 2652, 2),
(802, 679, 2324, 2),
(803, 679, 2554, 2),
(804, 679, 2596, 3),
(805, 679, 2380, 3),
(806, 679, 2443, 3),
(807, 679, 2771, 3),
(808, 680, 2359, 1),
(809, 680, 2596, 1),
(810, 680, 2540, 1),
(811, 680, 2472, 1),
(812, 680, 2319, 1),
(813, 680, 2320, 1),
(814, 680, 2396, 1),
(815, 680, 2322, 1),
(816, 680, 2399, 1),
(817, 680, 2554, 1),
(818, 680, 2656, 1),
(819, 680, 2619, 1),
(820, 680, 2443, 1),
(821, 680, 2405, 2),
(822, 680, 2345, 2),
(823, 680, 2631, 2),
(824, 680, 2398, 2),
(825, 681, 2680, 1),
(826, 681, 2681, 1),
(827, 681, 2682, 1),
(828, 682, 2443, 1),
(829, 683, 2422, 1),
(830, 683, 2338, 1),
(831, 683, 2333, 1),
(832, 683, 2637, 1),
(833, 683, 2476, 2),
(834, 683, 2359, 2),
(835, 683, 2444, 2),
(836, 683, 2371, 2),
(837, 683, 2924, 2),
(838, 683, 2684, 2),
(839, 683, 2322, 2),
(840, 683, 2386, 2),
(841, 683, 2353, 2),
(842, 683, 2399, 2),
(843, 683, 2364, 2),
(844, 683, 2356, 2),
(845, 683, 2685, 2),
(846, 683, 2686, 2),
(847, 683, 2554, 2),
(848, 683, 2405, 3),
(849, 683, 2372, 3),
(850, 683, 2527, 3),
(851, 683, 2319, 3),
(852, 683, 2610, 3),
(853, 683, 2682, 3),
(854, 683, 2519, 3),
(855, 683, 2771, 3),
(856, 684, 2405, 1),
(857, 684, 2450, 1),
(858, 684, 2615, 1),
(859, 684, 2361, 1),
(860, 684, 2338, 1),
(861, 684, 2400, 1),
(862, 684, 2359, 2),
(863, 684, 2320, 2),
(864, 684, 2399, 2),
(865, 684, 2421, 2),
(866, 684, 2319, 3),
(867, 684, 2348, 3),
(868, 684, 2366, 3),
(869, 684, 2367, 3),
(870, 684, 2322, 3),
(871, 684, 2610, 3),
(872, 684, 2637, 3),
(873, 685, 2577, 1),
(874, 685, 2588, 1),
(875, 685, 2688, 1),
(876, 685, 2689, 1),
(877, 685, 2545, 1),
(878, 685, 2690, 1),
(879, 685, 2598, 1),
(880, 685, 2399, 1),
(881, 685, 2324, 1),
(882, 685, 2320, 1),
(883, 685, 2396, 1),
(884, 685, 2656, 1),
(885, 685, 2443, 1),
(886, 685, 2607, 1),
(887, 685, 2475, 2),
(888, 685, 2625, 3),
(889, 686, 2424, 1),
(890, 686, 2475, 1),
(891, 686, 2628, 1),
(892, 686, 2610, 1),
(893, 686, 2630, 1),
(894, 686, 2611, 1),
(895, 686, 2476, 1),
(896, 686, 2631, 1),
(897, 686, 2637, 1),
(898, 686, 2691, 1),
(899, 687, 2361, 2),
(900, 687, 2405, 3),
(901, 687, 2395, 3),
(902, 687, 2359, 3),
(903, 687, 2396, 3),
(904, 687, 2348, 3),
(905, 687, 2367, 3),
(906, 687, 2671, 3),
(907, 687, 2692, 3),
(908, 688, 2361, 1),
(909, 689, 2361, 1),
(910, 689, 2450, 2),
(911, 689, 2322, 2),
(912, 689, 2325, 2),
(913, 689, 2388, 2),
(914, 689, 2993, 2),
(915, 689, 2371, 2),
(916, 689, 2393, 2),
(917, 689, 2341, 2),
(918, 689, 2319, 3),
(919, 689, 2320, 3),
(920, 689, 2348, 3),
(921, 689, 2367, 3),
(922, 689, 2694, 3),
(923, 689, 2380, 3),
(924, 689, 2695, 3),
(925, 689, 2696, 3),
(926, 689, 2531, 3),
(927, 689, 2436, 3),
(928, 689, 2697, 3),
(929, 689, 2698, 3),
(930, 689, 2419, 3),
(931, 689, 2619, 3),
(932, 689, 2330, 3),
(933, 689, 2701, 3),
(934, 689, 2702, 3),
(935, 689, 2421, 3),
(936, 690, 2361, 3),
(937, 690, 2702, 3),
(938, 691, 2703, 3),
(939, 692, 2704, 2),
(940, 692, 2705, 2),
(941, 692, 2701, 3),
(942, 761, 2513, 3),
(943, 761, 2639, 3),
(944, 761, 2935, 3),
(945, 761, 2887, 3),
(946, 761, 2866, 3),
(947, 761, 2625, 3),
(948, 761, 2952, 3),
(949, 761, 2953, 3),
(950, 761, 2973, 2),
(951, 761, 2955, 3),
(952, 761, 2807, 3),
(953, 699, 2361, 1),
(954, 699, 2325, 2),
(955, 699, 2388, 2),
(957, 637, 2444, 1),
(958, 637, 2337, 1),
(959, 637, 2371, 1),
(960, 637, 2345, 2),
(961, 637, 2445, 2),
(962, 637, 2446, 1),
(963, 637, 2363, 2),
(964, 637, 2404, 2),
(965, 637, 2447, 2),
(966, 637, 2993, 2),
(967, 637, 2355, 2),
(968, 637, 2380, 2),
(969, 637, 2448, 2),
(970, 637, 2449, 2),
(971, 637, 2416, 2),
(972, 637, 2419, 2),
(973, 637, 3013, 2),
(974, 637, 2450, 3),
(975, 637, 2320, 3),
(976, 637, 2451, 3),
(977, 637, 2406, 3),
(978, 637, 2380, 3),
(979, 637, 2452, 3),
(980, 637, 2695, 3),
(981, 637, 2453, 3),
(982, 637, 2531, 3),
(983, 637, 2436, 3),
(984, 637, 2454, 3),
(985, 637, 2437, 3),
(986, 637, 2353, 3),
(987, 637, 2455, 3),
(988, 637, 2430, 3),
(989, 637, 2456, 3),
(990, 637, 2619, 3),
(991, 637, 2984, 3),
(992, 637, 2356, 3),
(993, 695, 2380, 3),
(994, 633, 3013, 1),
(995, 633, 2401, 1),
(996, 633, 2424, 2),
(997, 633, 2720, 2),
(998, 695, 2717, 3),
(999, 627, 2463, 3),
(1000, 707, 2445, 1),
(1001, 699, 2993, 2),
(1002, 699, 2721, 2),
(1003, 699, 2393, 2),
(1004, 694, 2380, 3),
(1005, 694, 2325, 3),
(1006, 694, 2716, 3),
(1007, 694, 2541, 3),
(1008, 694, 2459, 3),
(1009, 695, 2437, 3),
(1010, 695, 2498, 3),
(1011, 695, 2718, 3),
(1012, 766, 2704, 1),
(1013, 696, 2380, 3),
(1014, 696, 2531, 3),
(1015, 696, 2353, 3),
(1016, 696, 2325, 3),
(1017, 697, 2719, 3),
(1018, 697, 2325, 3),
(1019, 698, 2361, 1),
(1020, 698, 2400, 2),
(1021, 698, 2720, 3),
(1022, 698, 2380, 3),
(1023, 698, 2325, 3),
(1024, 699, 2341, 2),
(1025, 699, 2342, 2),
(1026, 699, 2394, 2),
(1027, 699, 2421, 2),
(1028, 699, 2720, 3),
(1029, 699, 2540, 3),
(1030, 699, 2776, 3),
(1031, 699, 2322, 3),
(1032, 699, 2723, 3),
(1033, 699, 2724, 3),
(1034, 699, 2701, 3),
(1035, 699, 2356, 3),
(1036, 699, 2996, 3),
(1037, 757, 2720, 1),
(1038, 756, 2639, 1),
(1039, 755, 2415, 2),
(1040, 755, 2939, 3),
(1041, 755, 2404, 3),
(1042, 700, 2361, 1),
(1043, 700, 2720, 2),
(1044, 700, 2445, 3),
(1045, 700, 2704, 3),
(1046, 700, 2726, 3),
(1047, 700, 2719, 3),
(1048, 700, 2400, 3),
(1049, 700, 2341, 3),
(1050, 700, 2702, 3),
(1051, 701, 2727, 2),
(1052, 702, 2325, 2),
(1053, 703, 2361, 2),
(1054, 703, 2325, 3),
(1055, 703, 2380, 3),
(1056, 703, 2662, 3),
(1057, 704, 2421, 1),
(1058, 705, 2728, 3),
(1059, 705, 2729, 3),
(1060, 705, 2707, 3),
(1061, 705, 2330, 3),
(1062, 705, 2730, 3),
(1063, 706, 2345, 1),
(1064, 706, 2421, 1),
(1065, 706, 2731, 2),
(1066, 706, 2348, 2),
(1067, 706, 2524, 2),
(1068, 706, 2732, 3),
(1069, 706, 2414, 3),
(1070, 706, 2380, 3),
(1071, 706, 2746, 3),
(1072, 706, 2734, 3),
(1073, 706, 2730, 3),
(1074, 706, 2330, 3),
(1075, 706, 2715, 3),
(1076, 706, 2735, 3),
(1077, 706, 2736, 2),
(1078, 755, 2337, 3),
(1079, 755, 2909, 3),
(1080, 755, 2771, 3),
(1081, 773, 2796, 3),
(1082, 773, 2698, 3),
(1083, 754, 2416, 3),
(1084, 766, 2380, 2),
(1085, 766, 2400, 2),
(1086, 766, 2325, 3),
(1087, 751, 2639, 1),
(1088, 766, 3018, 3),
(1089, 707, 2785, 2),
(1090, 707, 2337, 2),
(1091, 707, 2982, 2),
(1092, 707, 2325, 2),
(1093, 707, 2750, 1),
(1094, 707, 2751, 2),
(1095, 707, 2752, 2),
(1096, 707, 2321, 3),
(1097, 707, 2372, 3),
(1098, 707, 2450, 3),
(1099, 707, 2320, 3),
(1100, 707, 2753, 3),
(1101, 707, 2475, 3),
(1102, 707, 2414, 3),
(1103, 707, 2356, 3),
(1104, 707, 2380, 3),
(1105, 707, 2754, 3),
(1106, 707, 2695, 3),
(1107, 707, 2755, 2),
(1108, 707, 2431, 2),
(1109, 707, 2756, 3),
(1110, 707, 2531, 3),
(1111, 707, 2757, 3),
(1112, 707, 2619, 3),
(1113, 707, 2758, 3),
(1114, 707, 2759, 3),
(1115, 707, 2404, 3),
(1116, 711, 2720, 1),
(1117, 711, 2474, 1),
(1118, 711, 2337, 1),
(1119, 711, 3013, 1),
(1120, 708, 2760, 1),
(1121, 708, 2380, 2),
(1122, 708, 2388, 3),
(1123, 708, 2359, 3),
(1124, 708, 2406, 3),
(1125, 708, 2415, 3),
(1126, 708, 2421, 3),
(1127, 710, 2337, 1),
(1128, 710, 2325, 2),
(1129, 709, 2337, 1),
(1130, 709, 2320, 2),
(1131, 709, 2377, 2),
(1132, 709, 2762, 3),
(1133, 709, 2319, 3),
(1134, 709, 2451, 3),
(1135, 709, 2444, 3),
(1136, 709, 2417, 3),
(1137, 709, 2321, 3),
(1138, 709, 2763, 3),
(1139, 709, 2322, 3),
(1140, 709, 2325, 3),
(1141, 709, 2388, 3),
(1142, 709, 2993, 3),
(1143, 709, 2356, 3),
(1144, 709, 2341, 3),
(1145, 709, 2342, 3),
(1146, 709, 2394, 3),
(1147, 709, 2330, 3),
(1148, 709, 2380, 3),
(1149, 709, 2452, 3),
(1150, 709, 2487, 3),
(1151, 709, 2696, 3),
(1152, 709, 2698, 3),
(1153, 709, 2764, 3),
(1154, 709, 2421, 3),
(1155, 710, 2380, 2),
(1156, 710, 2430, 2),
(1157, 710, 2437, 2),
(1158, 710, 2401, 2),
(1159, 710, 2445, 3),
(1160, 710, 2785, 3),
(1161, 710, 2539, 3),
(1162, 710, 2451, 3),
(1163, 710, 2414, 3),
(1164, 710, 2380, 3),
(1165, 710, 2755, 3),
(1166, 710, 2485, 3),
(1167, 711, 2401, 1),
(1168, 711, 2445, 2),
(1170, 711, 2740, 3),
(1171, 711, 2444, 3),
(1172, 711, 2406, 2),
(1173, 711, 2415, 2),
(1174, 711, 2769, 2),
(1175, 711, 2325, 2),
(1176, 711, 2356, 2),
(1177, 711, 2728, 3),
(1178, 711, 2762, 3),
(1179, 711, 2404, 3),
(1180, 711, 2451, 3),
(1181, 711, 2517, 3),
(1182, 711, 2325, 3),
(1183, 711, 2388, 3),
(1184, 711, 2446, 3),
(1185, 711, 2770, 3),
(1186, 711, 2771, 3),
(1187, 711, 2355, 3),
(1188, 711, 2772, 3),
(1189, 711, 2377, 3),
(1190, 711, 2341, 3),
(1191, 819, 2773, 2),
(1192, 711, 2380, 3),
(1193, 711, 2448, 3),
(1194, 711, 2531, 3),
(1195, 711, 2774, 3),
(1196, 711, 2388, 3),
(1197, 711, 2436, 3),
(1198, 711, 2416, 3),
(1199, 711, 2454, 3),
(1200, 711, 2522, 3),
(1201, 711, 2776, 3),
(1202, 711, 2452, 3),
(1203, 711, 2777, 3),
(1204, 711, 2778, 2),
(1205, 711, 2779, 3),
(1206, 711, 2780, 3),
(1207, 711, 2781, 3),
(1208, 711, 2419, 3),
(1209, 711, 2900, 3),
(1210, 711, 2984, 3),
(1211, 711, 2421, 3),
(1212, 778, 2619, 3),
(1213, 778, 2974, 3),
(1214, 778, 2975, 3),
(1215, 713, 2704, 1),
(1216, 713, 3013, 1),
(1217, 713, 2325, 2),
(1218, 712, 2321, 3),
(1219, 712, 2325, 3),
(1220, 713, 2401, 2),
(1221, 713, 2380, 3),
(1222, 713, 2639, 3),
(1223, 713, 2356, 3),
(1224, 713, 2341, 3),
(1225, 717, 2474, 1),
(1226, 717, 3013, 1),
(1227, 717, 2414, 2),
(1228, 717, 2325, 2),
(1229, 717, 2356, 2),
(1230, 715, 2449, 2),
(1231, 715, 2445, 2),
(1232, 715, 2752, 2),
(1233, 715, 2337, 2),
(1234, 715, 2325, 2),
(1235, 715, 2771, 2),
(1236, 715, 2762, 3),
(1237, 715, 2450, 3),
(1238, 715, 2785, 3),
(1239, 715, 2414, 3),
(1240, 715, 2415, 3),
(1241, 715, 2380, 3),
(1242, 715, 2531, 3),
(1243, 715, 2786, 3),
(1244, 715, 2416, 3),
(1245, 715, 2353, 3),
(1246, 715, 2696, 3),
(1247, 715, 2419, 3),
(1248, 715, 2487, 3),
(1249, 715, 2488, 3),
(1250, 715, 2406, 3),
(1251, 715, 2900, 3),
(1252, 715, 2404, 3),
(1253, 715, 2342, 3),
(1254, 715, 2394, 3),
(1255, 716, 2524, 2),
(1256, 716, 2787, 3),
(1257, 716, 2531, 3),
(1258, 716, 2388, 3),
(1259, 716, 2416, 3),
(1260, 716, 2415, 3),
(1261, 717, 2406, 2),
(1262, 717, 2361, 2),
(1263, 717, 2728, 3),
(1264, 717, 2320, 3),
(1265, 717, 2380, 3),
(1266, 718, 3013, 1),
(1267, 718, 2345, 2),
(1268, 718, 2450, 2),
(1269, 718, 2388, 2),
(1270, 718, 2552, 2),
(1271, 718, 2379, 2),
(1272, 718, 2552, 2),
(1273, 718, 2558, 2),
(1274, 718, 2869, 2),
(1275, 718, 2789, 2),
(1276, 718, 2406, 2),
(1277, 718, 2330, 2),
(1278, 718, 2380, 2),
(1279, 718, 2585, 2),
(1280, 718, 2341, 2),
(1281, 718, 2740, 3),
(1282, 718, 2319, 3),
(1283, 718, 2320, 3),
(1284, 718, 2790, 3),
(1285, 718, 2791, 3),
(1286, 718, 2321, 3),
(1287, 718, 2322, 3),
(1288, 718, 2792, 3),
(1289, 718, 2538, 3),
(1290, 718, 2793, 3),
(1291, 718, 2523, 3),
(1292, 718, 2794, 3),
(1293, 718, 2399, 3),
(1294, 718, 2325, 3),
(1295, 718, 2993, 3),
(1296, 718, 2327, 3),
(1297, 718, 2356, 3),
(1298, 718, 2380, 3),
(1299, 718, 2471, 3),
(1300, 718, 2453, 3),
(1301, 718, 2586, 3),
(1302, 718, 2639, 3),
(1303, 718, 2796, 3),
(1304, 718, 2797, 3),
(1305, 718, 2354, 3),
(1306, 718, 2357, 3),
(1307, 718, 2421, 3),
(1308, 719, 2474, 1),
(1309, 719, 2406, 1),
(1310, 719, 2798, 1),
(1311, 719, 3013, 1),
(1312, 719, 2792, 1),
(1313, 719, 2450, 1),
(1314, 719, 2799, 2),
(1315, 719, 2800, 2),
(1316, 719, 2794, 2),
(1317, 719, 2399, 2),
(1318, 719, 2607, 2),
(1319, 719, 2612, 3),
(1320, 719, 2371, 3),
(1321, 719, 2380, 3),
(1322, 719, 2448, 3),
(1323, 719, 2882, 3),
(1324, 721, 2405, 1),
(1325, 721, 2345, 1),
(1326, 721, 2450, 1),
(1327, 721, 2675, 1),
(1328, 721, 2406, 1),
(1329, 720, 2801, 1),
(1330, 720, 2802, 1),
(1331, 720, 2518, 1),
(1332, 720, 2474, 1),
(1333, 720, 2526, 1),
(1334, 720, 2345, 2),
(1335, 720, 2585, 2),
(1336, 720, 2415, 2),
(1337, 720, 2524, 2),
(1338, 720, 2341, 2),
(1339, 720, 2421, 1),
(1340, 720, 2388, 3),
(1341, 720, 2790, 3),
(1342, 720, 2804, 3),
(1343, 720, 2787, 3),
(1344, 720, 2784, 3),
(1345, 720, 2517, 3),
(1346, 720, 2806, 3),
(1347, 720, 2523, 3),
(1348, 720, 2414, 3),
(1349, 720, 2528, 3),
(1350, 720, 2380, 3),
(1351, 720, 2746, 3),
(1352, 720, 2639, 3),
(1353, 720, 2756, 3),
(1354, 720, 2471, 3),
(1355, 720, 2807, 3),
(1356, 720, 2808, 3),
(1357, 720, 2910, 3),
(1358, 720, 2810, 3),
(1359, 720, 2698, 3),
(1360, 720, 2811, 3),
(1361, 720, 2812, 3),
(1362, 720, 2813, 3),
(1363, 720, 2814, 3),
(1364, 720, 2815, 3),
(1365, 720, 2816, 3),
(1366, 720, 2817, 3),
(1367, 720, 2776, 3),
(1368, 720, 2818, 3),
(1369, 720, 2819, 3),
(1370, 720, 2820, 3),
(1371, 720, 2821, 3),
(1372, 720, 2822, 3),
(1373, 720, 2823, 3),
(1374, 720, 2824, 2),
(1375, 720, 2825, 3),
(1376, 720, 2826, 3),
(1377, 720, 2827, 3),
(1378, 720, 2828, 3),
(1379, 720, 2829, 3),
(1380, 720, 2830, 3),
(1381, 720, 2831, 3),
(1382, 720, 2832, 3),
(1383, 720, 2419, 3),
(1384, 720, 2833, 3),
(1385, 720, 2834, 3),
(1386, 720, 2835, 3),
(1387, 720, 2734, 3),
(1388, 720, 2531, 3),
(1389, 720, 2774, 3),
(1390, 720, 2837, 3),
(1391, 720, 2436, 3),
(1392, 720, 2697, 3),
(1393, 720, 2416, 3),
(1394, 720, 2838, 3),
(1395, 720, 2839, 3),
(1396, 720, 3006, 3),
(1397, 720, 2437, 3),
(1398, 720, 2522, 3),
(1399, 720, 2841, 3),
(1400, 720, 2353, 3),
(1401, 720, 2842, 3),
(1402, 720, 2843, 3),
(1403, 720, 2330, 3),
(1404, 720, 2498, 3),
(1405, 720, 2325, 3),
(1406, 720, 2993, 3),
(1407, 720, 2327, 3),
(1408, 720, 2844, 3),
(1409, 720, 2377, 3),
(1410, 720, 2356, 3),
(1411, 720, 2845, 3),
(1412, 720, 2357, 3),
(1413, 720, 2735, 3),
(1414, 720, 2736, 3),
(1415, 721, 2706, 1),
(1416, 721, 2359, 1),
(1417, 721, 2319, 1),
(1418, 721, 2846, 1),
(1419, 721, 2883, 1),
(1420, 721, 2552, 1),
(1421, 721, 2475, 1),
(1422, 721, 2337, 1),
(1423, 721, 2792, 1),
(1424, 721, 2794, 1),
(1425, 721, 2399, 1),
(1426, 721, 2379, 1),
(1427, 721, 2460, 1),
(1428, 721, 2361, 1),
(1429, 721, 2379, 1),
(1430, 721, 2401, 1),
(1431, 721, 2343, 1),
(1432, 778, 2976, 3),
(1433, 778, 2341, 3),
(1434, 778, 2977, 3),
(1435, 707, 2706, 1),
(1436, 776, 2720, 1),
(1437, 776, 2321, 2),
(1438, 776, 2898, 3),
(1439, 722, 2874, 2),
(1440, 722, 2875, 2),
(1441, 722, 2785, 2),
(1442, 722, 2419, 2),
(1443, 722, 2401, 2),
(1444, 722, 2450, 3),
(1445, 722, 2523, 3),
(1446, 722, 2355, 3),
(1447, 722, 2330, 3),
(1448, 722, 2380, 3),
(1449, 722, 2776, 3),
(1450, 722, 2449, 3),
(1451, 722, 2452, 3),
(1452, 722, 2796, 3),
(1453, 722, 2531, 3),
(1454, 722, 2774, 3),
(1455, 722, 2454, 3),
(1456, 722, 2436, 3),
(1457, 722, 2697, 3),
(1458, 722, 2437, 3),
(1459, 722, 2841, 3),
(1460, 722, 2702, 3),
(1461, 722, 2459, 3),
(1462, 638, 2380, 2),
(1463, 638, 2458, 2),
(1464, 638, 2447, 2),
(1465, 638, 2993, 2),
(1466, 638, 2341, 2),
(1467, 638, 2401, 2),
(1468, 638, 2451, 3),
(1469, 638, 2424, 3),
(1470, 638, 2459, 3),
(1471, 638, 2380, 3),
(1472, 638, 2436, 3),
(1473, 638, 2430, 3),
(1474, 638, 2431, 3),
(1475, 638, 2460, 3),
(1476, 641, 2480, 3),
(1477, 663, 2984, 3),
(1478, 669, 2771, 2),
(1479, 669, 2401, 2),
(1480, 669, 2380, 3),
(1481, 671, 2615, 1),
(1482, 671, 2520, 1),
(1483, 671, 2632, 1),
(1484, 671, 2379, 1),
(1485, 671, 2324, 1),
(1486, 671, 2607, 1),
(1487, 671, 3013, 1),
(1488, 671, 2372, 2),
(1489, 671, 2319, 2),
(1490, 671, 2320, 2),
(1491, 723, 2785, 2),
(1492, 723, 2419, 2),
(1493, 723, 2404, 2),
(1494, 723, 2448, 2),
(1495, 723, 2869, 3),
(1496, 723, 2444, 3),
(1497, 723, 2325, 3),
(1498, 723, 2341, 3),
(1499, 723, 2380, 3),
(1500, 723, 2531, 3),
(1501, 723, 2774, 3),
(1502, 723, 2416, 3),
(1503, 723, 2437, 3),
(1504, 723, 2771, 3),
(1505, 724, 2450, 1),
(1506, 724, 2879, 1),
(1507, 724, 2337, 2),
(1508, 724, 2880, 2),
(1509, 724, 2359, 3),
(1510, 724, 2672, 3),
(1511, 724, 2444, 3),
(1512, 724, 2399, 3),
(1513, 724, 2730, 3),
(1514, 724, 2361, 3),
(1515, 724, 2673, 3),
(1516, 725, 2380, 2),
(1517, 725, 2353, 2),
(1518, 725, 2317, 3),
(1519, 671, 2608, 2),
(1520, 725, 2882, 3),
(1521, 725, 2325, 3),
(1522, 725, 2380, 3),
(1523, 725, 2796, 3),
(1524, 671, 2645, 2),
(1525, 671, 2597, 2),
(1526, 671, 2610, 2),
(1527, 671, 2361, 2),
(1528, 671, 2666, 2),
(1529, 671, 2401, 2),
(1530, 671, 2345, 3),
(1531, 671, 2476, 3),
(1532, 671, 2631, 3),
(1533, 671, 2398, 3),
(1534, 671, 2667, 3),
(1535, 671, 2628, 3),
(1536, 671, 2630, 3),
(1537, 693, 2388, 1),
(1538, 693, 2337, 1),
(1539, 693, 2404, 1),
(1540, 693, 2401, 1),
(1541, 693, 2702, 1),
(1542, 693, 3013, 1),
(1543, 693, 2450, 2),
(1544, 693, 2406, 2),
(1545, 693, 2706, 2),
(1546, 693, 2321, 2),
(1547, 693, 2322, 2),
(1548, 693, 2707, 2),
(1549, 693, 2399, 2),
(1550, 693, 2628, 2),
(1551, 693, 2528, 2),
(1552, 693, 2415, 2),
(1553, 693, 2708, 2),
(1554, 727, 2400, 1),
(1555, 727, 2889, 1),
(1556, 727, 2474, 2),
(1557, 727, 2414, 2),
(1558, 727, 2890, 2),
(1559, 727, 2851, 2),
(1560, 727, 2612, 3),
(1561, 727, 2406, 3),
(1562, 728, 2337, 2),
(1563, 728, 2445, 3),
(1564, 728, 2539, 3),
(1565, 728, 2450, 1),
(1566, 728, 2475, 3),
(1567, 728, 2325, 3),
(1568, 728, 2380, 3),
(1569, 728, 2892, 3),
(1570, 728, 2893, 3),
(1571, 728, 2673, 3),
(1572, 776, 2404, 3),
(1573, 776, 2531, 3),
(1574, 776, 2513, 3),
(1575, 776, 2416, 3),
(1576, 776, 2528, 3),
(1577, 776, 2415, 3),
(1578, 776, 2942, 3),
(1579, 757, 2909, 3),
(1580, 757, 2942, 3),
(1581, 759, 2432, 3),
(1582, 751, 2946, 3),
(1583, 756, 2322, 3),
(1584, 751, 2342, 3),
(1585, 752, 2527, 2),
(1586, 752, 2639, 2),
(1587, 752, 2404, 2),
(1588, 752, 2471, 2),
(1589, 752, 2322, 2),
(1590, 752, 2531, 3),
(1591, 752, 2415, 3),
(1592, 776, 2452, 3),
(1593, 776, 3020, 3),
(1594, 802, 2704, 3),
(1595, 751, 2610, 3),
(1596, 627, 2406, 3),
(1597, 627, 2407, 3),
(1598, 627, 2408, 3),
(1599, 627, 2372, 3),
(1600, 627, 2599, 3),
(1601, 656, 2550, 1),
(1602, 656, 2551, 1),
(1603, 656, 2509, 1),
(1604, 656, 2535, 1),
(1605, 656, 2552, 1),
(1606, 731, 2380, 3),
(1607, 732, 2337, 1),
(1608, 733, 2404, 1),
(1609, 733, 2785, 2),
(1610, 733, 2416, 2),
(1611, 733, 2419, 2),
(1612, 733, 2448, 2),
(1613, 733, 2487, 2),
(1614, 733, 2488, 2),
(1615, 733, 2874, 2),
(1616, 733, 2785, 2),
(1617, 733, 2319, 3),
(1618, 733, 2320, 3),
(1619, 733, 2396, 3),
(1620, 733, 2417, 3),
(1621, 733, 2399, 3),
(1622, 733, 2380, 3),
(1623, 733, 2819, 3),
(1624, 733, 2471, 3),
(1625, 733, 2585, 3),
(1626, 733, 2698, 3),
(1627, 733, 2531, 3),
(1628, 733, 2436, 3),
(1629, 733, 2437, 3),
(1630, 733, 2671, 3),
(1631, 734, 2552, 1),
(1632, 734, 2902, 1),
(1633, 734, 2406, 1),
(1634, 734, 2869, 2),
(1635, 735, 2702, 1),
(1636, 735, 2448, 3),
(1637, 735, 2450, 3),
(1638, 735, 2993, 3),
(1639, 735, 2371, 3),
(1640, 735, 2406, 3),
(1641, 735, 2415, 3),
(1642, 735, 2380, 3),
(1643, 736, 2345, 1),
(1644, 736, 2552, 1),
(1645, 736, 2337, 1),
(1646, 736, 2792, 1),
(1647, 736, 2902, 1),
(1648, 736, 2702, 1),
(1649, 736, 2445, 2),
(1650, 736, 2869, 2),
(1651, 736, 2444, 2),
(1652, 736, 2406, 2),
(1653, 736, 2852, 2),
(1654, 736, 2706, 1),
(1655, 736, 2903, 2),
(1656, 736, 2904, 2),
(1657, 736, 2905, 2),
(1658, 736, 2380, 2),
(1659, 736, 2470, 2),
(1660, 736, 2728, 3),
(1661, 736, 2421, 3),
(1662, 738, 2720, 2),
(1663, 738, 2380, 2),
(1664, 738, 2746, 2),
(1665, 738, 2728, 3),
(1666, 693, 2533, 2),
(1667, 693, 2380, 2),
(1668, 693, 2353, 2),
(1669, 693, 2696, 2),
(1670, 738, 2319, 3),
(1671, 738, 2785, 3),
(1672, 738, 2504, 3),
(1673, 738, 2451, 3),
(1674, 738, 2336, 3),
(1675, 738, 2523, 3),
(1676, 738, 2380, 3),
(1677, 738, 2639, 3),
(1678, 738, 2471, 3),
(1679, 738, 2698, 3),
(1680, 738, 2908, 3),
(1681, 738, 2811, 3),
(1682, 738, 2776, 3),
(1683, 738, 2487, 3),
(1684, 738, 2530, 3),
(1685, 738, 2874, 3),
(1686, 738, 2833, 3),
(1687, 738, 2386, 3),
(1688, 738, 2531, 3),
(1689, 738, 2436, 3),
(1690, 738, 2909, 3),
(1691, 738, 2353, 3),
(1692, 738, 2415, 3),
(1693, 738, 2341, 3),
(1694, 738, 2554, 3),
(1695, 739, 2337, 1),
(1696, 739, 2910, 2),
(1697, 739, 2728, 3),
(1698, 739, 2785, 3),
(1699, 739, 2414, 3),
(1700, 739, 2911, 3),
(1701, 739, 2380, 3),
(1702, 739, 2819, 3),
(1703, 739, 2471, 3),
(1704, 739, 2912, 3),
(1705, 739, 2913, 3),
(1706, 739, 2914, 3),
(1707, 739, 2815, 3),
(1708, 739, 2915, 3),
(1709, 739, 2916, 3),
(1710, 739, 2776, 3),
(1711, 739, 2917, 3),
(1712, 739, 2698, 3),
(1713, 739, 2864, 3),
(1714, 739, 2419, 3),
(1715, 739, 2919, 3),
(1716, 739, 2833, 3),
(1717, 739, 2920, 3),
(1718, 739, 2921, 3),
(1719, 739, 2922, 3),
(1720, 739, 2404, 3),
(1721, 740, 2720, 1),
(1722, 740, 2771, 1),
(1723, 740, 2728, 3),
(1724, 740, 2345, 3),
(1725, 740, 2444, 3),
(1726, 740, 2380, 3),
(1727, 740, 2585, 3),
(1728, 740, 2862, 3),
(1729, 740, 2416, 3),
(1730, 740, 2454, 3),
(1731, 740, 2769, 3),
(1732, 741, 2704, 1),
(1733, 742, 2445, 3),
(1734, 742, 2321, 3),
(1735, 742, 2380, 3),
(1736, 743, 2321, 1),
(1737, 744, 2319, 1),
(1738, 745, 2405, 2),
(1739, 745, 2319, 2),
(1740, 746, 2924, 1),
(1741, 746, 2366, 2),
(1742, 656, 2553, 1),
(1743, 748, 2321, 1),
(1744, 748, 2702, 1),
(1745, 748, 2444, 2),
(1746, 748, 2925, 2),
(1747, 748, 2337, 2),
(1748, 748, 2929, 2),
(1749, 748, 2441, 2),
(1750, 748, 2400, 2),
(1751, 748, 2785, 3),
(1752, 748, 2404, 3),
(1753, 748, 2364, 3),
(1754, 750, 2627, 1),
(1755, 750, 2476, 1),
(1756, 750, 2526, 1),
(1757, 750, 2317, 1),
(1758, 750, 2372, 1),
(1759, 750, 2319, 1),
(1760, 750, 2399, 1),
(1761, 750, 2325, 1),
(1762, 656, 2444, 1),
(1763, 656, 2317, 1),
(1764, 656, 2372, 1),
(1765, 656, 2345, 1),
(1766, 656, 2320, 1),
(1767, 656, 2396, 1),
(1768, 656, 2399, 1),
(1769, 656, 2322, 1),
(1770, 656, 2554, 1),
(1771, 656, 2555, 1),
(1772, 656, 2380, 1),
(1773, 656, 2325, 1),
(1774, 656, 3022, 1),
(1775, 656, 3021, 1),
(1776, 656, 3023, 1),
(1777, 763, 2501, 1),
(1778, 763, 2474, 1),
(1779, 763, 2337, 1),
(1780, 763, 2345, 2),
(1781, 763, 2373, 2),
(1782, 763, 2336, 2),
(1783, 763, 2322, 2),
(1784, 763, 2325, 2),
(1785, 763, 2400, 2),
(1786, 763, 2448, 2),
(1787, 763, 2898, 3),
(1788, 763, 2363, 3),
(1789, 763, 2509, 3),
(1790, 763, 2444, 3),
(1791, 763, 2330, 3),
(1792, 763, 2380, 3),
(1793, 763, 2755, 3),
(1794, 763, 2734, 3),
(1795, 763, 2386, 3),
(1796, 763, 2421, 3),
(1797, 785, 2970, 1),
(1798, 785, 2474, 1),
(1799, 785, 2321, 1),
(1800, 785, 2322, 1),
(1801, 785, 2400, 1),
(1802, 785, 2959, 1),
(1804, 785, 2373, 2),
(1805, 785, 2463, 2),
(1806, 785, 2415, 1),
(1807, 785, 2325, 2),
(1808, 785, 2356, 2),
(1809, 785, 2341, 2),
(1810, 785, 2984, 2),
(1811, 785, 2342, 2),
(1812, 785, 2394, 2),
(1813, 785, 2380, 2),
(1814, 785, 2695, 2),
(1815, 785, 2386, 2),
(1816, 785, 2531, 2),
(1817, 785, 2353, 2),
(1818, 785, 2330, 2),
(1819, 753, 2898, 3),
(1820, 753, 2720, 3),
(1821, 785, 2771, 2),
(1822, 785, 2401, 2),
(1823, 785, 2416, 2),
(1824, 785, 2358, 3),
(1825, 785, 2405, 3),
(1826, 785, 2345, 3),
(1827, 785, 2319, 3),
(1828, 785, 2756, 3),
(1829, 785, 2454, 3),
(1830, 785, 2404, 3),
(1831, 785, 2366, 3),
(1832, 785, 2398, 3),
(1833, 785, 2353, 3),
(1834, 785, 2696, 3),
(1835, 785, 2485, 3),
(1836, 785, 2911, 3),
(1837, 721, 3013, 1),
(1838, 721, 2849, 2),
(1839, 721, 2445, 2),
(1840, 721, 2785, 2),
(1841, 721, 2615, 2),
(1842, 721, 2348, 2),
(1843, 721, 2640, 2),
(1844, 721, 2945, 2),
(1846, 721, 2325, 2),
(1847, 721, 2414, 2),
(1848, 721, 2851, 2),
(1849, 721, 2406, 2),
(1850, 721, 2852, 2),
(1851, 721, 2903, 2),
(1852, 721, 2862, 3),
(1853, 721, 2485, 3),
(1854, 721, 2639, 3),
(1855, 721, 2756, 3),
(1856, 721, 2776, 3),
(1857, 721, 2448, 3),
(1858, 721, 2863, 3),
(1859, 721, 2338, 3),
(1860, 721, 2864, 3),
(1861, 721, 2419, 3),
(1862, 721, 2531, 3),
(1863, 721, 2436, 3),
(1864, 721, 2416, 3),
(1865, 721, 2619, 3),
(1866, 721, 2976, 3),
(1867, 721, 2498, 3),
(1868, 721, 2866, 3),
(1869, 721, 2984, 3),
(1870, 721, 2673, 3),
(1871, 721, 2404, 3),
(1872, 721, 2356, 3),
(1873, 721, 2341, 3),
(1874, 721, 2867, 3),
(1875, 721, 2715, 3),
(1876, 721, 2421, 3),
(1877, 721, 2762, 3),
(1878, 721, 2728, 3),
(1879, 721, 2372, 3),
(1880, 721, 2388, 3),
(1881, 721, 2855, 3),
(1882, 721, 2672, 3),
(1883, 721, 2396, 3),
(1884, 721, 2355, 3),
(1885, 721, 2444, 3),
(1886, 721, 2366, 3),
(1887, 721, 2371, 3),
(1888, 721, 2856, 3),
(1889, 721, 2857, 3),
(1890, 721, 2858, 3),
(1891, 721, 2517, 3),
(1892, 721, 2651, 3),
(1893, 721, 2806, 3),
(1894, 721, 2321, 3),
(1895, 721, 2377, 3),
(1896, 721, 2464, 3),
(1897, 721, 2861, 3),
(1898, 721, 2380, 3),
(1899, 721, 2754, 3),
(1900, 721, 2695, 3),
(1901, 721, 2696, 3),
(1902, 721, 2324, 3),
(1903, 737, 3013, 1),
(1904, 737, 2450, 2),
(1905, 737, 2445, 2),
(1906, 737, 2320, 2),
(1907, 737, 2615, 2),
(1908, 737, 2404, 2),
(1909, 737, 2444, 2),
(1910, 737, 2337, 2),
(1911, 737, 2399, 2),
(1912, 737, 2463, 2),
(1913, 737, 2325, 2),
(1914, 737, 2419, 2),
(1915, 737, 2751, 2),
(1916, 737, 2752, 2),
(1917, 737, 2762, 3),
(1918, 737, 2446, 3),
(1919, 737, 2321, 3),
(1920, 737, 2406, 3),
(1921, 737, 2380, 3),
(1922, 737, 2819, 3),
(1923, 737, 2586, 3),
(1924, 737, 2639, 3),
(1925, 737, 2430, 3),
(1926, 737, 2756, 3),
(1927, 737, 2887, 3),
(1928, 737, 2730, 3),
(1929, 737, 2325, 3),
(1930, 737, 2342, 3),
(1931, 737, 2394, 3),
(1932, 637, 2341, 3),
(1933, 760, 2327, 2),
(1934, 760, 2325, 2),
(1935, 762, 2446, 2),
(1936, 764, 2474, 1),
(1937, 764, 2501, 2),
(1938, 764, 2325, 2),
(1939, 764, 2341, 2),
(1940, 764, 2400, 2),
(1941, 764, 2388, 3),
(1942, 764, 2373, 3),
(1943, 764, 2355, 3),
(1944, 764, 2336, 3),
(1945, 764, 2792, 3),
(1946, 764, 2380, 3),
(1947, 764, 2452, 3),
(1948, 764, 2872, 3),
(1949, 764, 2956, 3),
(1950, 764, 2353, 3),
(1951, 764, 2751, 3),
(1952, 764, 2752, 3),
(1953, 765, 2341, 3),
(1954, 768, 2474, 1),
(1955, 768, 2345, 2),
(1956, 768, 2336, 3),
(1957, 768, 2444, 3),
(1958, 768, 2398, 3),
(1959, 768, 2959, 3),
(1960, 768, 2380, 3),
(1961, 768, 2452, 3),
(1962, 768, 2821, 3),
(1963, 768, 2513, 3),
(1964, 768, 2937, 2),
(1965, 768, 2771, 3),
(1966, 769, 2474, 2),
(1967, 769, 2400, 2),
(1968, 769, 2319, 3),
(1969, 769, 2380, 3),
(1970, 769, 2448, 3),
(1971, 769, 2487, 3),
(1972, 769, 2488, 3),
(1973, 769, 2935, 3),
(1974, 769, 2325, 3),
(1975, 769, 2993, 3),
(1976, 769, 2327, 3),
(1977, 769, 2355, 3),
(1978, 769, 2336, 3),
(1979, 769, 2341, 3),
(1980, 769, 2404, 3),
(1981, 769, 2751, 3),
(1982, 769, 2752, 3),
(1983, 770, 2474, 1),
(1984, 770, 2342, 1),
(1985, 770, 2336, 2),
(1986, 770, 2337, 2),
(1987, 770, 2322, 2),
(1988, 770, 2325, 2),
(1989, 770, 2415, 2),
(1990, 770, 2319, 3),
(1991, 770, 2363, 3),
(1992, 770, 2777, 3),
(1993, 770, 2321, 3),
(1994, 770, 2960, 3),
(1995, 770, 2961, 3),
(1996, 770, 2356, 3),
(1997, 771, 2474, 1),
(1998, 771, 2321, 2),
(1999, 771, 2322, 2),
(2000, 771, 2415, 2),
(2001, 771, 2342, 2),
(2002, 771, 2398, 3),
(2003, 771, 2330, 3),
(2004, 771, 2394, 3),
(2005, 772, 2474, 1),
(2006, 772, 2342, 1),
(2007, 772, 2325, 2),
(2008, 772, 2791, 3),
(2009, 779, 2405, 3),
(2010, 779, 2978, 3),
(2011, 779, 2337, 3),
(2012, 779, 2321, 3),
(2013, 779, 2398, 3),
(2014, 779, 2322, 3),
(2015, 779, 2380, 3),
(2016, 779, 2519, 3),
(2017, 779, 2325, 3),
(2018, 781, 2474, 1),
(2019, 781, 2970, 1),
(2020, 781, 2321, 1),
(2021, 781, 2322, 1),
(2022, 781, 2415, 1),
(2023, 781, 2959, 2),
(2024, 781, 2380, 3),
(2025, 781, 2353, 3),
(2026, 782, 2979, 2),
(2027, 783, 2373, 1),
(2028, 783, 2329, 1),
(2029, 783, 2363, 2),
(2030, 783, 2348, 2),
(2031, 783, 2471, 2),
(2032, 783, 2386, 2),
(2033, 783, 2322, 2),
(2034, 783, 2996, 2),
(2035, 783, 2362, 2),
(2036, 783, 2982, 3),
(2037, 783, 2636, 3),
(2038, 783, 2380, 3),
(2039, 783, 2695, 3),
(2040, 783, 2983, 3),
(2041, 783, 2531, 3),
(2042, 783, 2353, 3),
(2043, 783, 2771, 3),
(2044, 784, 2322, 1),
(2045, 693, 2430, 2),
(2046, 693, 2531, 2),
(2047, 693, 2436, 2),
(2048, 693, 2695, 2),
(2049, 693, 2710, 2),
(2050, 693, 2637, 2),
(2051, 693, 2330, 2),
(2052, 693, 2345, 3),
(2053, 693, 2359, 3),
(2054, 693, 2319, 3),
(2055, 693, 2320, 3),
(2056, 693, 2348, 3),
(2057, 693, 2720, 3),
(2058, 693, 2704, 3),
(2059, 693, 2475, 3),
(2060, 693, 2414, 3),
(2061, 693, 2628, 3),
(2062, 693, 2610, 3),
(2063, 693, 2380, 3),
(2064, 693, 2452, 3),
(2065, 693, 2698, 3),
(2066, 693, 2362, 3),
(2067, 693, 2500, 3),
(2068, 693, 2955, 3),
(2069, 693, 2419, 3),
(2070, 693, 2487, 3),
(2071, 693, 2598, 3),
(2072, 693, 2361, 3),
(2073, 693, 2325, 3),
(2074, 693, 2993, 3),
(2075, 693, 2336, 3),
(2076, 693, 2371, 3),
(2077, 693, 2356, 3),
(2078, 693, 2342, 3),
(2079, 693, 2393, 3),
(2080, 693, 2341, 3),
(2081, 786, 2363, 2),
(2082, 786, 2325, 2),
(2083, 786, 2985, 3),
(2084, 786, 2474, 3),
(2085, 786, 2961, 3),
(2086, 786, 2984, 3),
(2087, 786, 2356, 3),
(2088, 786, 2342, 3),
(2089, 787, 2728, 1),
(2090, 787, 2363, 1),
(2091, 787, 2321, 1),
(2092, 787, 2322, 1),
(2093, 787, 2405, 2),
(2094, 787, 2398, 2),
(2095, 787, 2386, 2),
(2096, 787, 2325, 2),
(2097, 787, 2380, 2),
(2098, 787, 2531, 2),
(2099, 787, 2513, 2),
(2100, 787, 2353, 2),
(2101, 787, 2341, 2),
(2102, 787, 2984, 3),
(2103, 787, 2342, 3),
(2104, 788, 2405, 2),
(2105, 788, 2373, 2),
(2106, 788, 2418, 2),
(2107, 788, 2356, 3),
(2108, 789, 2363, 2),
(2109, 789, 2979, 2),
(2110, 789, 2321, 3),
(2111, 789, 2398, 3),
(2112, 789, 2322, 3),
(2113, 789, 2421, 3),
(2114, 789, 2432, 3),
(2115, 790, 2363, 1),
(2116, 790, 2474, 1),
(2117, 790, 2317, 1),
(2118, 790, 2345, 1),
(2119, 790, 2396, 1),
(2120, 790, 2321, 1),
(2121, 790, 2694, 1),
(2122, 790, 2322, 1),
(2123, 790, 2988, 1),
(2124, 790, 2971, 1),
(2125, 790, 2440, 2),
(2126, 790, 2373, 2),
(2127, 790, 2416, 2),
(2128, 790, 2375, 2),
(2129, 790, 2990, 2),
(2130, 790, 2349, 2),
(2131, 790, 2705, 2),
(2132, 790, 2991, 2),
(2133, 790, 2992, 2),
(2134, 790, 2325, 2),
(2135, 790, 2388, 2),
(2136, 790, 2993, 2),
(2137, 790, 2341, 2),
(2138, 790, 2984, 2),
(2139, 790, 2342, 2),
(2140, 790, 2394, 2),
(2141, 790, 2362, 2),
(2142, 790, 2995, 2),
(2143, 790, 2415, 3),
(2144, 791, 2319, 3),
(2145, 791, 2415, 3),
(2146, 791, 2984, 3),
(2147, 792, 2322, 1),
(2148, 697, 2337, 3),
(2149, 697, 2325, 3),
(2150, 697, 2380, 3),
(2151, 697, 2436, 3),
(2152, 697, 2353, 3),
(2153, 793, 2325, 2),
(2154, 793, 2728, 3),
(2155, 793, 2345, 3),
(2156, 793, 2321, 3),
(2157, 793, 2398, 3),
(2158, 793, 2322, 3),
(2159, 793, 2996, 3),
(2160, 793, 2392, 3),
(2161, 793, 2342, 3),
(2162, 794, 2398, 1),
(2163, 794, 2997, 1),
(2164, 794, 2363, 2),
(2165, 794, 2373, 2),
(2166, 794, 2329, 2),
(2167, 794, 2380, 2),
(2168, 794, 2338, 2),
(2169, 794, 2405, 3),
(2170, 794, 2417, 3),
(2171, 794, 2996, 3),
(2172, 794, 2415, 3),
(2173, 794, 2380, 3),
(2174, 794, 2333, 3),
(2175, 794, 2796, 3),
(2176, 794, 2998, 3),
(2177, 794, 2913, 3),
(2178, 794, 2914, 3),
(2179, 794, 2531, 3),
(2180, 794, 2454, 3),
(2181, 794, 2353, 3),
(2182, 794, 2619, 3),
(2183, 795, 2728, 1),
(2184, 795, 2345, 1),
(2185, 795, 2444, 1),
(2186, 795, 2526, 1),
(2187, 795, 2996, 1),
(2188, 795, 3000, 1),
(2189, 795, 2321, 1),
(2190, 795, 2322, 1),
(2191, 795, 2380, 1),
(2192, 795, 2695, 1),
(2193, 795, 2710, 1),
(2194, 795, 2353, 1),
(2195, 795, 2619, 1),
(2196, 795, 3002, 1),
(2197, 795, 2418, 1),
(2198, 795, 2363, 2),
(2199, 795, 2375, 2),
(2200, 795, 2979, 2),
(2201, 795, 2398, 2),
(2202, 795, 2948, 2),
(2203, 795, 2415, 2),
(2204, 795, 2380, 2),
(2205, 795, 2531, 2),
(2206, 795, 2436, 2),
(2207, 795, 2513, 2),
(2208, 795, 2416, 2),
(2209, 795, 2419, 2),
(2210, 795, 2487, 2),
(2211, 795, 2488, 2),
(2212, 795, 2966, 2),
(2213, 795, 2913, 2),
(2214, 795, 2916, 2),
(2215, 795, 2386, 2),
(2216, 795, 2771, 2),
(2217, 795, 2448, 3),
(2218, 795, 2319, 3),
(2219, 795, 2373, 3),
(2220, 795, 2404, 3),
(2221, 795, 2398, 3),
(2222, 795, 3003, 3),
(2223, 795, 2364, 3),
(2224, 795, 2619, 3),
(2225, 795, 2325, 3),
(2226, 795, 2388, 3),
(2227, 795, 2377, 3),
(2228, 795, 2984, 3),
(2229, 795, 2356, 3),
(2230, 795, 2393, 3),
(2231, 795, 2341, 3),
(2232, 795, 2342, 3),
(2233, 795, 2394, 3),
(2234, 795, 2652, 3),
(2235, 795, 3004, 3),
(2236, 796, 2363, 1),
(2237, 796, 2474, 1),
(2238, 796, 2322, 1),
(2239, 796, 2321, 1),
(2240, 796, 2444, 2),
(2241, 796, 2398, 2),
(2242, 796, 2341, 2),
(2243, 796, 2380, 2),
(2244, 796, 2386, 2),
(2245, 796, 2416, 2),
(2246, 796, 2756, 2),
(2247, 796, 2353, 2),
(2248, 796, 2696, 2),
(2249, 796, 2728, 3),
(2250, 796, 2531, 3),
(2251, 796, 2513, 3),
(2252, 796, 2838, 3),
(2253, 796, 2454, 3),
(2254, 796, 3005, 3),
(2255, 796, 2418, 3),
(2256, 797, 2373, 1),
(2257, 797, 2375, 1),
(2258, 797, 2321, 1),
(2259, 797, 2322, 1),
(2260, 797, 2405, 2),
(2261, 797, 3006, 2),
(2262, 797, 2380, 2),
(2263, 797, 2386, 2),
(2264, 797, 2531, 2),
(2265, 797, 2353, 2),
(2266, 797, 2364, 2),
(2267, 797, 2359, 3),
(2268, 797, 2527, 3),
(2269, 797, 2617, 3),
(2270, 797, 2362, 3),
(2271, 797, 2325, 3),
(2272, 797, 2619, 3),
(2273, 798, 2322, 1),
(2274, 798, 2405, 2),
(2275, 798, 2373, 2),
(2276, 798, 3007, 2),
(2277, 798, 2380, 2),
(2278, 798, 2386, 2),
(2279, 798, 2531, 2),
(2280, 798, 2353, 2),
(2281, 798, 2771, 2),
(2282, 798, 2433, 3),
(2283, 799, 2510, 2),
(2284, 799, 2341, 2),
(2285, 800, 2396, 1),
(2286, 800, 2337, 1),
(2287, 800, 2528, 1),
(2288, 800, 2415, 1),
(2289, 800, 3008, 1),
(2290, 800, 3009, 1),
(2291, 800, 3010, 1),
(2292, 800, 2404, 2),
(2293, 800, 2910, 2),
(2294, 800, 2439, 2),
(2295, 800, 2771, 2),
(2296, 800, 2363, 3),
(2297, 800, 2366, 3),
(2298, 800, 2321, 3),
(2299, 800, 2322, 3),
(2300, 800, 2380, 3),
(2301, 800, 2695, 3),
(2302, 800, 2471, 3),
(2303, 800, 2698, 3),
(2304, 800, 2913, 3),
(2305, 800, 2916, 3),
(2306, 800, 2531, 3),
(2307, 800, 2353, 3),
(2308, 800, 2330, 3),
(2309, 800, 2911, 3),
(2310, 707, 2748, 2),
(2311, 693, 2630, 3),
(2312, 693, 2714, 3),
(2313, 693, 2715, 3),
(2314, 693, 2421, 3),
(2315, 766, 2336, 3),
(2316, 766, 2341, 3),
(2317, 766, 2530, 3),
(2318, 766, 2342, 3),
(2319, 766, 3017, 3),
(2320, 766, 2698, 3),
(2321, 766, 2404, 3),
(2322, 766, 2898, 3),
(2323, 766, 2345, 3),
(2324, 766, 2319, 3),
(2325, 766, 2720, 3),
(2326, 719, 2421, 3),
(2327, 780, 2417, 3),
(2328, 780, 2321, 3),
(2329, 708, 2366, 3),
(2330, 710, 2419, 3),
(2331, 766, 2380, 3),
(2332, 780, 2380, 3),
(2333, 780, 2652, 3),
(2334, 780, 2405, 3),
(2335, 780, 2325, 3),
(2336, 766, 2452, 3),
(2337, 766, 2513, 3),
(2338, 766, 2937, 2),
(2339, 766, 2942, 3),
(2340, 766, 2625, 3),
(2341, 766, 2952, 3),
(2342, 766, 2953, 3),
(2343, 766, 2973, 2),
(2344, 766, 2474, 3),
(2345, 774, 2970, 1),
(2346, 774, 2474, 1),
(2348, 774, 2400, 1),
(2349, 774, 2401, 1),
(2350, 774, 2771, 1),
(2351, 774, 2424, 2),
(2352, 774, 2373, 2),
(2353, 774, 2379, 2),
(2354, 774, 2345, 2),
(2355, 774, 2704, 2),
(2356, 774, 2321, 2),
(2357, 774, 2322, 2),
(2358, 774, 2959, 1),
(2359, 774, 2971, 2),
(2360, 774, 2325, 2),
(2361, 774, 2342, 2),
(2362, 774, 2415, 2),
(2363, 774, 2330, 2),
(2364, 774, 2380, 2),
(2365, 774, 2776, 2),
(2366, 774, 2452, 2),
(2367, 774, 2777, 2),
(2368, 774, 2828, 2),
(2369, 774, 2531, 2),
(2370, 774, 2416, 2),
(2371, 774, 2437, 2),
(2372, 774, 2353, 2),
(2373, 774, 2696, 2),
(2374, 774, 2485, 2),
(2375, 774, 2751, 2),
(2376, 774, 2752, 2),
(2377, 774, 2993, 3),
(2378, 774, 2444, 3),
(2379, 774, 2963, 3),
(2380, 774, 2972, 3),
(2381, 774, 2419, 3),
(2382, 774, 2488, 3),
(2383, 774, 2404, 3),
(2384, 774, 2356, 3),
(2385, 774, 2341, 3),
(2386, 774, 2771, 3),
(2387, 720, 3013, 3),
(2388, 730, 2448, 2),
(2389, 730, 2445, 2),
(2390, 730, 2325, 2),
(2391, 730, 2406, 2),
(2392, 730, 2380, 2),
(2393, 730, 2386, 2),
(2394, 730, 2531, 2),
(2395, 730, 2762, 3),
(2396, 730, 2802, 3),
(2397, 730, 2720, 3),
(2398, 730, 2898, 3),
(2399, 730, 2319, 3),
(2400, 730, 2785, 3),
(2401, 730, 2320, 3),
(2402, 730, 2475, 3),
(2403, 730, 2377, 3),
(2404, 730, 2399, 3),
(2405, 730, 2380, 3),
(2406, 730, 2452, 3),
(2407, 730, 2639, 3),
(2408, 730, 2430, 3),
(2409, 730, 2416, 3),
(2410, 730, 2419, 3),
(2411, 730, 2900, 3),
(2412, 730, 2341, 3),
(2413, 730, 2415, 3),
(2414, 632, 2364, 3),
(2415, 633, 2379, 2),
(2416, 633, 2321, 2),
(2417, 794, 2321, 3),
(2418, 805, 2702, 2),
(2419, 805, 2400, 2),
(2420, 717, 2450, 3),
(2421, 695, 3025, 3),
(2422, 629, 3027, 3),
(2423, 629, 3026, 3),
(2424, 629, 3028, 3),
(2425, 629, 3031, 3),
(2426, 629, 3029, 3),
(2427, 653, 2519, 3),
(2428, 747, 2319, 1),
(2429, 747, 3013, 2),
(2430, 747, 2366, 2),
(2431, 747, 2321, 3),
(2432, 751, 2336, 1),
(2433, 751, 2943, 1),
(2434, 751, 2887, 1),
(2435, 751, 2337, 1),
(2436, 751, 2929, 1),
(2437, 751, 2321, 1),
(2438, 751, 2771, 1),
(2439, 751, 2930, 2),
(2440, 751, 2363, 2),
(2441, 751, 2720, 2),
(2442, 751, 2415, 2),
(2443, 751, 2380, 2),
(2444, 751, 2449, 2),
(2445, 751, 2452, 2),
(2446, 751, 2807, 2),
(2447, 751, 2487, 2),
(2448, 751, 2485, 2),
(2449, 751, 2931, 2),
(2450, 751, 2771, 2),
(2451, 751, 3013, 2),
(2452, 751, 2356, 3),
(2453, 751, 2784, 3),
(2454, 751, 3020, 3),
(2455, 751, 2437, 3),
(2456, 751, 2432, 3),
(2457, 751, 2898, 3),
(2458, 751, 2728, 3),
(2459, 751, 2405, 3),
(2460, 751, 2564, 3),
(2461, 751, 2446, 3),
(2462, 751, 2527, 3),
(2463, 751, 2933, 3),
(2464, 751, 2319, 3),
(2465, 751, 2320, 3),
(2466, 751, 2787, 3),
(2467, 751, 2404, 3),
(2468, 751, 2474, 3),
(2469, 751, 2444, 3),
(2470, 751, 2929, 3),
(2471, 751, 2911, 3),
(2472, 751, 2380, 3),
(2473, 751, 2755, 3),
(2474, 751, 2935, 3),
(2475, 751, 2936, 3),
(2476, 751, 2531, 3),
(2477, 751, 2416, 3),
(2478, 751, 2522, 3),
(2479, 751, 2937, 2),
(2480, 751, 2625, 3),
(2481, 751, 2325, 3),
(2482, 751, 2387, 3),
(2483, 751, 2984, 3),
(2484, 754, 3013, 2),
(2485, 754, 2363, 3),
(2486, 754, 2380, 3),
(2487, 754, 2353, 3),
(2488, 754, 2406, 3),
(2489, 756, 2474, 1),
(2490, 756, 2930, 2),
(2491, 756, 2321, 2),
(2492, 756, 2380, 2),
(2493, 756, 2353, 2),
(2494, 756, 2438, 2),
(2495, 756, 2941, 2),
(2496, 756, 2471, 2),
(2497, 756, 2942, 2),
(2498, 756, 2404, 2),
(2499, 756, 2421, 2),
(2500, 756, 2319, 2),
(2501, 756, 3013, 2),
(2502, 756, 2401, 2),
(2503, 756, 2394, 2),
(2504, 756, 2342, 2),
(2505, 756, 2625, 2),
(2506, 756, 3020, 3),
(2507, 756, 2528, 3),
(2508, 756, 2415, 3),
(2509, 756, 2984, 3),
(2510, 756, 2728, 3),
(2511, 756, 2452, 3),
(2512, 756, 2898, 3),
(2513, 756, 2363, 3),
(2514, 756, 2416, 3),
(2515, 756, 2336, 3),
(2516, 756, 2398, 3),
(2517, 757, 2474, 1),
(2518, 757, 2336, 1),
(2519, 757, 2943, 1),
(2520, 757, 2337, 1),
(2521, 757, 2321, 1),
(2522, 757, 2380, 1),
(2523, 757, 2513, 1),
(2524, 757, 2639, 1),
(2525, 757, 2887, 1),
(2526, 757, 2771, 1),
(2527, 757, 2930, 1),
(2528, 757, 2319, 2),
(2529, 757, 2377, 2),
(2530, 757, 2944, 2),
(2531, 757, 2356, 2),
(2532, 757, 2662, 2),
(2533, 757, 3015, 2),
(2534, 757, 3013, 2),
(2535, 757, 2401, 2),
(2536, 757, 2935, 3),
(2537, 757, 2898, 3),
(2538, 757, 2698, 3),
(2539, 757, 2437, 3),
(2540, 757, 2807, 3),
(2541, 757, 2320, 3),
(2542, 757, 2444, 3),
(2543, 757, 2398, 3),
(2544, 757, 2322, 3),
(2545, 757, 2325, 3),
(2546, 757, 2787, 3),
(2547, 757, 2945, 3),
(2548, 757, 2946, 3),
(2549, 757, 2406, 3),
(2550, 757, 2706, 3),
(2551, 757, 2380, 3),
(2552, 757, 2947, 3),
(2553, 757, 2755, 3),
(2554, 757, 2487, 3),
(2555, 757, 2416, 3),
(2556, 758, 2501, 1),
(2557, 758, 2337, 1),
(2558, 758, 3013, 1);
INSERT INTO `Diseases_Toxins` (`id`, `disease_id`, `toxin_id`, `evidence_strength`) VALUES
(2559, 758, 2720, 1),
(2560, 758, 2336, 2),
(2561, 758, 2371, 2),
(2562, 758, 2321, 2),
(2563, 758, 2948, 2),
(2564, 758, 2380, 2),
(2565, 758, 2325, 2),
(2566, 758, 2356, 2),
(2567, 758, 2342, 2),
(2568, 758, 2401, 2),
(2569, 758, 3015, 2),
(2570, 758, 2930, 2),
(2571, 758, 2404, 3),
(2572, 758, 2322, 3),
(2573, 758, 2380, 3),
(2574, 758, 2776, 3),
(2575, 758, 2698, 3),
(2576, 758, 2531, 3),
(2577, 758, 2513, 3),
(2578, 758, 2416, 3),
(2579, 758, 2415, 3),
(2580, 758, 2330, 3),
(2581, 758, 2984, 3),
(2582, 758, 2324, 3),
(2583, 759, 2388, 2),
(2584, 759, 2930, 2),
(2585, 759, 2474, 2),
(2586, 759, 2404, 2),
(2587, 759, 2321, 2),
(2588, 759, 2322, 2),
(2589, 759, 2325, 2),
(2590, 759, 2363, 2),
(2591, 759, 2371, 2),
(2592, 759, 2356, 2),
(2593, 759, 2342, 2),
(2594, 759, 2394, 2),
(2595, 759, 2415, 2),
(2596, 759, 2380, 2),
(2597, 759, 2698, 2),
(2598, 759, 2531, 2),
(2599, 759, 2416, 2),
(2600, 759, 2437, 2),
(2601, 759, 2513, 2),
(2602, 759, 2841, 2),
(2603, 759, 2353, 2),
(2604, 759, 2751, 2),
(2605, 759, 2752, 2),
(2606, 759, 2471, 2),
(2607, 759, 2913, 2),
(2608, 759, 2914, 2),
(2609, 759, 2776, 2),
(2610, 759, 2452, 2),
(2611, 759, 2401, 2),
(2612, 759, 2720, 2),
(2613, 759, 2625, 3),
(2614, 759, 2372, 3),
(2615, 759, 2898, 3),
(2616, 759, 2527, 3),
(2617, 759, 2319, 3),
(2618, 759, 2882, 3),
(2619, 759, 2984, 3),
(2620, 759, 2418, 3),
(2621, 767, 2345, 2),
(2622, 767, 2785, 2),
(2623, 767, 2322, 2),
(2624, 767, 2751, 2),
(2625, 767, 2752, 2),
(2626, 767, 2388, 3),
(2627, 767, 2319, 3),
(2628, 767, 2348, 3),
(2629, 767, 2785, 3),
(2630, 767, 2958, 3),
(2631, 767, 2398, 3),
(2632, 767, 2380, 3),
(2633, 767, 2448, 3),
(2634, 767, 2487, 3),
(2635, 767, 2488, 3),
(2636, 767, 2807, 3),
(2637, 767, 2513, 3),
(2638, 767, 2910, 3),
(2639, 767, 2325, 3),
(2640, 767, 2327, 3),
(2641, 767, 2336, 3),
(2642, 767, 2341, 3),
(2643, 767, 2342, 3),
(2644, 767, 2421, 3),
(2645, 767, 2344, 3),
(2646, 767, 2400, 3),
(2647, 773, 2501, 1),
(2648, 773, 2474, 1),
(2649, 773, 2336, 1),
(2650, 773, 2444, 1),
(2651, 773, 2337, 1),
(2652, 773, 2400, 1),
(2653, 773, 2959, 1),
(2654, 773, 3013, 1),
(2655, 773, 2424, 2),
(2656, 773, 2373, 2),
(2657, 773, 2628, 2),
(2658, 773, 2630, 2),
(2659, 773, 2379, 2),
(2660, 773, 2345, 2),
(2661, 773, 2363, 2),
(2662, 773, 2704, 2),
(2663, 773, 2371, 2),
(2664, 773, 2321, 2),
(2665, 773, 2707, 2),
(2666, 773, 2322, 2),
(2667, 773, 2325, 2),
(2668, 773, 2327, 2),
(2669, 773, 2377, 2),
(2670, 773, 2963, 2),
(2671, 773, 2356, 2),
(2672, 773, 2393, 2),
(2673, 773, 2341, 2),
(2674, 773, 2342, 2),
(2675, 773, 2394, 2),
(2676, 773, 2380, 2),
(2677, 773, 2639, 2),
(2678, 773, 2471, 2),
(2679, 773, 2966, 2),
(2680, 773, 2776, 2),
(2681, 773, 2796, 2),
(2682, 773, 2419, 2),
(2683, 773, 2893, 2),
(2684, 773, 2698, 2),
(2685, 773, 2531, 2),
(2686, 773, 2416, 2),
(2687, 773, 2338, 2),
(2688, 773, 2893, 2),
(2689, 773, 2751, 2),
(2690, 773, 2752, 2),
(2691, 773, 2898, 2),
(2692, 773, 2401, 2),
(2693, 773, 2734, 3),
(2694, 773, 2419, 3),
(2695, 773, 2969, 3),
(2696, 773, 2324, 3),
(2697, 773, 2319, 3),
(2698, 773, 2625, 3),
(2699, 773, 2728, 3),
(2700, 773, 2372, 3),
(2701, 773, 2993, 3),
(2702, 773, 2509, 3),
(2703, 773, 2404, 3),
(2704, 773, 2451, 3),
(2705, 773, 2422, 3),
(2706, 773, 2398, 3),
(2707, 773, 2399, 3),
(2708, 773, 2415, 3),
(2709, 773, 2330, 3),
(2710, 773, 2380, 3),
(2711, 773, 2470, 3),
(2712, 773, 2513, 3),
(2713, 773, 2777, 3),
(2714, 773, 2968, 3),
(2715, 773, 2935, 3),
(2716, 775, 3013, 1),
(2717, 775, 2401, 1),
(2718, 775, 2424, 2),
(2719, 775, 2373, 2),
(2720, 775, 2379, 2),
(2721, 775, 2388, 2),
(2722, 775, 2416, 2),
(2723, 775, 2704, 2),
(2724, 775, 2444, 2),
(2725, 775, 2321, 2),
(2726, 775, 2363, 3),
(2727, 775, 2419, 3),
(2728, 775, 2625, 3),
(2729, 775, 2973, 3),
(2730, 777, 2401, 1),
(2731, 729, 3013, 1),
(2732, 729, 2894, 2),
(2733, 729, 2337, 2),
(2734, 729, 2895, 2),
(2735, 729, 2325, 2),
(2736, 729, 2406, 2),
(2737, 729, 2415, 2),
(2738, 729, 2330, 2),
(2739, 729, 2380, 2),
(2740, 729, 2416, 2),
(2741, 729, 2471, 2),
(2742, 729, 2776, 2),
(2743, 729, 2771, 2),
(2744, 729, 2728, 3),
(2745, 729, 2762, 3),
(2746, 729, 2319, 3),
(2747, 729, 2896, 3),
(2748, 729, 2320, 3),
(2749, 729, 2444, 3),
(2750, 729, 2414, 3),
(2751, 729, 2851, 3),
(2752, 729, 2380, 3),
(2753, 729, 2471, 3),
(2754, 729, 2776, 3),
(2755, 729, 2829, 3),
(2756, 729, 2353, 3),
(2757, 729, 2438, 3),
(2758, 729, 2897, 3),
(2759, 729, 2361, 3),
(2760, 729, 2325, 3),
(2761, 729, 2993, 3),
(2762, 729, 2371, 3),
(2763, 729, 2377, 3),
(2764, 729, 2984, 3),
(2765, 729, 2356, 3),
(2766, 729, 2341, 3),
(2767, 729, 2421, 3),
(2768, 809, 2371, 3),
(2769, 810, 2755, 2),
(2770, 811, 2327, 2),
(2771, 812, 2388, 1),
(2772, 813, 2388, 3),
(2773, 814, 2388, 3),
(2774, 640, 2388, 3),
(2776, 811, 3032, 1),
(2777, 816, 2393, 1),
(2778, 817, 3032, 1),
(2779, 811, 2392, 2),
(2780, 817, 2392, 2),
(2781, 819, 2728, 1),
(2782, 820, 3033, 1),
(2783, 819, 3033, 1),
(2784, 821, 2898, 2),
(2785, 822, 2898, 2),
(2786, 811, 3034, 1),
(2787, 819, 3036, 2),
(2789, 720, 2464, 3),
(2790, 824, 2464, 3),
(2791, 739, 2464, 3),
(2792, 820, 3037, 2),
(2793, 825, 3037, 2),
(2794, 728, 3037, 2),
(2795, 819, 3038, 2),
(2796, 826, 3039, 2),
(2798, 819, 2446, 1),
(2799, 720, 2431, 2),
(2800, 740, 2431, 2),
(2801, 819, 2432, 2),
(2802, 820, 3040, 2),
(2803, 819, 3041, 3),
(2804, 819, 2513, 2),
(2805, 811, 3042, 2),
(2806, 721, 3043, 1),
(2807, 817, 3000, 2),
(2808, 819, 2735, 2),
(2809, 820, 3044, 2),
(2810, 819, 3045, 2),
(2811, 820, 3046, 2),
(2812, 819, 3035, 2),
(2813, 761, 2464, 1),
(2814, 761, 3039, 2),
(2815, 827, 2949, 1),
(2816, 761, 3047, 2),
(2817, 811, 3048, 2),
(2818, 761, 3048, 2),
(2819, 811, 3049, 2),
(2820, 828, 3050, 2),
(2821, 720, 3050, 3),
(2822, 819, 3051, 1),
(2823, 678, 3052, 1),
(2824, 721, 2663, 3),
(2825, 720, 2506, 1),
(2826, 820, 3053, 2),
(2827, 820, 3054, 2),
(2828, 820, 3055, 2),
(2829, 828, 3056, 2),
(2830, 724, 3057, 2),
(2831, 720, 3057, 2),
(2832, 761, 3046, 2),
(2833, 829, 2418, 2),
(2834, 830, 2418, 2),
(2835, 721, 2869, 2),
(2836, 828, 2948, 2),
(2837, 720, 3059, 2),
(2838, 721, 2714, 3),
(2839, 739, 2778, 2),
(2840, 819, 3060, 2),
(2841, 819, 3061, 2),
(2842, 828, 3062, 2),
(2843, 828, 3063, 2),
(2844, 720, 3064, 2),
(2845, 819, 3065, 2),
(2846, 819, 3066, 2),
(2847, 811, 3067, 2),
(2848, 831, 2883, 2),
(2849, 817, 2883, 2),
(2850, 811, 2883, 2),
(2851, 707, 2869, 2),
(2852, 736, 2778, 2),
(2853, 819, 3068, 2),
(2854, 819, 3026, 2),
(2855, 785, 2321, 3),
(2856, 722, 2388, 3);

-- --------------------------------------------------------

--
-- Table structure for table `Toxins`
--

CREATE TABLE IF NOT EXISTS `Toxins` (
  `id` int(6) unsigned NOT NULL AUTO_INCREMENT,
  `name` varchar(255) NOT NULL,
  `cas_no` varchar(255) DEFAULT NULL,
  PRIMARY KEY (`id`)
) ENGINE=InnoDB  DEFAULT CHARSET=latin1 AUTO_INCREMENT=3070 ;

--
-- Dumping data for table `Toxins`
--

INSERT INTO `Toxins` (`id`, `name`, `cas_no`) VALUES
(2317, 'metals', ''),
(2318, 'arsine', '7784-42-1'),
(2319, 'cadmium', '7440-43-9'),
(2320, 'chromium', ''),
(2321, 'lead', '7439-92-1'),
(2322, 'mercury', '7439-97-6'),
(2324, 'vanadium', '7440-62-2'),
(2325, 'solvents', ''),
(2327, 'chloroform', '67-66-3'),
(2329, 'methanol', '67-56-1'),
(2330, 'pentachlorophenol (PCP)', '87-86-5'),
(2331, 'phosphorus', '7723-14-0'),
(2332, 'dioxane', '123-91-1'),
(2333, 'diquat', '2764-72-9'),
(2334, 'ethylene chlorohydrin', '107-07-3'),
(2335, 'ethylene glycols', ''),
(2336, 'ethylene glycol ethers', ''),
(2337, 'ionizing radiation', ''),
(2338, 'paraquat', '4685-14-7'),
(2340, 'tetrachloroethane', '25322-20-7'),
(2341, 'trichloroethylene (TCE)', '79-01-6'),
(2342, 'toluene', '108-88-3'),
(2343, 'uranium', ' 7440-61-1'),
(2344, 'vinylidene chloride', '75-35-4'),
(2345, 'arsenic', '7440-38-2'),
(2346, 'bromobenzene', '108-86-1'),
(2347, 'carbolic acid', '108-95-2'),
(2348, 'copper', '7440-50-8'),
(2349, 'dinitrophenols', ''),
(2350, 'dinitro-o-cresols', ''),
(2351, 'glycerol', '56-81-5'),
(2352, 'manganese carbonyls', ''),
(2353, 'organophosphates', ''),
(2354, 'potassium bromate', '758-01-2'),
(2355, '1,2-dichloroethane', '107-06-2'),
(2356, 'tetrachloroethylene (PCE)', '127-18-4'),
(2357, 'tetrafluoroethylene', '116-14-3'),
(2358, 'sulfuryl fluoride', '2699-79-8'),
(2359, 'beryllium', '7440-41-7'),
(2360, '1,4-dichlorobenzene', '106-46-7'),
(2361, 'silica', '14808-60-7'),
(2362, 'organotins', ''),
(2363, 'carbon disulfide', '75-15-0'),
(2364, 'phosphine', '7803-51-2'),
(2365, 'silver', '7440-22-4'),
(2366, 'fluoride', '16984-48-8'),
(2367, 'gold', '7440-57-5'),
(2368, 'hard metal', ''),
(2371, 'formaldehyde', '50-00-0'),
(2372, 'antimony', '7440-36-0'),
(2373, 'carbon monoxide', '630-08-0'),
(2374, 'chlorofluorocarbons (CFCs)', ''),
(2375, 'cyanide', '57-12-5'),
(2376, 'dihalomethanes', ''),
(2377, 'methylene chloride', '75-09-2'),
(2379, 'particulate air pollution (soot)', ''),
(2380, 'pesticides', ''),
(2384, 'ethyl bromide', '74-96-4'),
(2385, 'isopropyl chloride', ' 75-29-6'),
(2386, 'methyl bromide', '74-83-9'),
(2387, 'acetone', '67-64-1'),
(2388, 'benzene', '71-43-2'),
(2390, 'ethyl chloride', '75-00-3'),
(2392, 'methyl chloride', '74-87-3'),
(2393, '1,1,1-trichloroethane', '71-55-6'),
(2394, 'xylene', '1330-20-7'),
(2395, 'barium', '7440-39-3'),
(2396, 'cobalt', '7440-48-4'),
(2397, 'lanthanum', '7439-91-0'),
(2398, 'manganese', '7439-96-5'),
(2399, 'nickel', '7440-02-0'),
(2400, 'tobacco smoke', ''),
(2401, 'tobacco smoke (secondhand)', ''),
(2404, 'dioxins / TCDD', ''),
(2405, 'aluminum', '7429-90-5'),
(2406, 'PAHs', ''),
(2407, 'allylamine', '107-11-9'),
(2408, 'B-aminopropionitrile', '151-18-8'),
(2409, 'N-3-pyridylmethyl-N''-p-nitrophenyl urea (Vacor)', '53558-25-1'),
(2410, 'cow''s milk proteins', ''),
(2411, 'gluten', ''),
(2414, 'nitrosamines', ''),
(2415, 'PCBs (polychlorinated biphenyls), not otherwise specified', ''),
(2416, 'DDT/DDE', ''),
(2417, 'iron', '7439-89-6'),
(2418, 'thallium (and related salts)', ''),
(2419, 'phenoxyacetic herbicides', ''),
(2421, 'vinyl chloride', '75-01-4'),
(2422, 'hydrogen sulfide', '7783-06-4'),
(2424, 'air pollution', ''),
(2426, 'vibration', ''),
(2429, 'kerosene', ''),
(2430, 'dichlorvos', '62-73-7'),
(2431, 'propoxur', '114-26-1'),
(2432, 'TNT (trinitrotoluene)', '118-96-7'),
(2433, 'bismuth', '7440-69-9'),
(2436, 'chlordane', '57-74-9'),
(2437, 'lindane', '58-89-9'),
(2438, 'parathion', '56-38-2'),
(2439, 'perchlorate', '14797-73-0'),
(2440, 'anilines', ''),
(2441, 'naphthalene', '1-20-3'),
(2442, 'stibene (antimony)', ''),
(2443, 'trimellitic anhydride', '552-30-7'),
(2444, 'ethylene oxide', '75-21-8'),
(2445, 'aromatic amines', ''),
(2446, '1,3-butadiene', '106-99-0'),
(2447, 'chlorinated solvents', ''),
(2448, 'Agent Orange', ''),
(2449, 'alachlor', '15972-60-8'),
(2450, 'asbestos', '1332-21-4'),
(2451, 'electromagnetic fields', ''),
(2452, 'atrazine', '1912-24-9'),
(2453, 'captan', '133-06-2'),
(2454, 'dieldrin', '60-57-1'),
(2455, 'crotoxyphos', '7700-17-6'),
(2456, 'methidathion', '950-37-8'),
(2458, 'metal dusts', ''),
(2459, 'vehicle exhaust', ''),
(2460, 'radon', '10043-92-2'),
(2462, 'chlorate salts', ''),
(2463, 'nitrates / nitrites', ''),
(2464, 'nitrobenzene', '98-95-3'),
(2465, 'nitroethane', '79-24-3'),
(2466, 'nitrotoluenes', ''),
(2468, 'toluidine', '26915-12-8'),
(2470, 'arsenical pesticides', ''),
(2471, 'fungicides', ''),
(2472, 'heavy metals', ''),
(2474, 'ethyl alcohol (ethanol)', '64-17-5'),
(2475, 'diesel exhaust', ''),
(2476, 'ammonia', '7664-41-7'),
(2477, 'dusts', ''),
(2478, 'Formica', ''),
(2479, 'steel', ''),
(2480, 'tin', '7440-31-5'),
(2482, 'halothane', '151-67-7'),
(2484, 'paint fumes', ''),
(2485, 'diazinon', '333-41-5'),
(2487, '2,4-D', '94-75-7'),
(2488, '2,4,5-T', '93-76-5'),
(2489, 'disinfectants', ''),
(2490, 'o-benzyl-p-chlorophenol', '120-32-1'),
(2491, '2-benzyl-4,6-dichlorophenol', '19578-81-5'),
(2495, 'polyurethane', '9009-54-5'),
(2496, 'toluene diisocyanate', '584-84-9'),
(2497, 'turpentine', '8006-64-2'),
(2498, 'permethrin', '52645-53-1'),
(2500, 'tributyl tin oxide', '56-35-9'),
(2501, 'anesthetic gases', ''),
(2502, 'chlorinated naphthalenes', ''),
(2503, 'carbon tetrabromide', '558-13-4'),
(2504, 'dimethylformamide', '68-12-2'),
(2506, 'aflatoxins', '1402-68-2'),
(2507, 'mushroom toxins', ''),
(2508, '2-nitropropane', '79-46-9'),
(2509, 'chromic acid', ''),
(2510, 'dichloroacetylene', '7572-29-4'),
(2511, 'dichlorohydrin', '96-23-1'),
(2512, 'dimethylacetamide', '127-19-5'),
(2513, 'chlordecone', '143-50-0'),
(2517, 'hydrazines', ''),
(2518, 'N-nitrosodimethylamine', '62-75-9'),
(2519, 'selenium', '7782-49-2'),
(2520, 'cement dust', ''),
(2521, 'mica', '12001-26-2'),
(2522, 'mirex', '2385-85-5'),
(2523, 'MTBE', ''),
(2524, 'thorium dioxide (Thorostat)', '1314-20-1'),
(2526, 'hydrocarbons', ''),
(2527, 'boron', '7440-42-8'),
(2528, 'PBBs', ''),
(2529, 'diuron', '330-54-1'),
(2530, 'linuron', '330-55-2'),
(2531, 'organochlorine pesticides', ''),
(2532, 'polyhalogenated naphthalenes', ''),
(2533, 'PCDFs', ''),
(2534, 'antiseptics', ''),
(2535, 'cement', ''),
(2537, 'colophony', '8050-09-7'),
(2538, 'cutting oils', ''),
(2539, 'dyes', ''),
(2540, 'epoxy resins', ''),
(2541, 'fragrances', ''),
(2542, 'glues', ''),
(2543, 'isothiazolins', ''),
(2544, 'lanolins', ''),
(2545, 'latex', ''),
(2546, 'potassium dichromate', '7778-50-9'),
(2547, 'preservatives', ''),
(2548, 'rubber products', ''),
(2549, 'rhus antigens', ''),
(2550, 'aminotriazole', '61-82-5'),
(2551, 'abrasive dusts', ''),
(2552, 'coal tars', ''),
(2553, 'detergents / soaps', ''),
(2554, 'zinc', '7440-66-6'),
(2555, 'mild acids / alkalis', ''),
(2558, 'asphalt', ''),
(2561, 'catechols', ''),
(2563, 'hydroquinones', ''),
(2564, 'alkyl phenols', ''),
(2565, 'carbyne', '101-27-9'),
(2566, 'acridine', '260-94-6'),
(2567, 'aminobenzoic acid derivatives', ''),
(2569, 'halogenated salicylanilides', ''),
(2572, 'acids/alkalis', ''),
(2574, 'calcium arsenate ', '7778-44-1'),
(2575, 'calcium nitrate', 'calcium nitrate'),
(2576, 'lime', ''),
(2577, 'acid anhydrides', ''),
(2578, 'acrylates', ''),
(2579, 'methacrylates', ''),
(2580, 'amines', ''),
(2581, 'ethanolamines', ''),
(2582, 'ethylenediamine', '107-15-3'),
(2583, 'p-phenylenediamine', '106-50-3'),
(2584, 'animal antigens', ''),
(2585, 'captafol', '2425-06-1'),
(2586, 'chlorothalonil', ''),
(2587, 'enzymes', ''),
(2588, 'amylase', '9000-92-4'),
(2589, 'papain', '9001-73-4'),
(2590, 'subtilase', ''),
(2591, 'egg lysosyme', ''),
(2592, 'pepsin', '9001-75-6'),
(2593, 'trypsin', '9002-07-7'),
(2594, 'fungal antigens', ''),
(2595, 'insect antigens', ''),
(2596, 'isocyanates', ''),
(2597, 'metal fumes', ''),
(2598, 'platinum', '7440-06-4'),
(2599, 'tungsten carbide', '12070-12-1'),
(2601, 'plant pollens', ''),
(2602, 'plastic fumes', ''),
(2603, 'plastic dusts', ''),
(2604, 'PVC', ''),
(2606, 'polypropylene', '9003-07-0'),
(2607, 'wood dust', ''),
(2608, 'grain dust', ''),
(2609, 'fiber dust', ''),
(2610, 'ozone', '10028-15-6'),
(2611, 'aldehydes', ''),
(2612, 'acetaldehyde', '75-07-0'),
(2613, 'acrolein', '107-02-8'),
(2614, 'propionaldehyde', '123-38-6'),
(2615, 'coal dust', ''),
(2616, 'diazonium salts', ''),
(2617, 'hexachlorophene', '70-30-4'),
(2618, 'persulfate salts', ''),
(2619, 'pyrethins / pyrethroids', ''),
(2620, 'reactive dyes', ''),
(2621, 'sulfathiazole ', '72-14-0'),
(2622, 'tannic acid', ''),
(2623, 'aziridine', '151-56-4'),
(2624, 'azodicarbonamide', '123-77-3'),
(2625, 'phthalates', ''),
(2626, 'senna', '8013-11-4'),
(2627, 'acids', ''),
(2628, 'nitrogen dioxide', '10102-44-0'),
(2630, 'sulfur dioxide', '7446-09-5'),
(2631, 'chlorine', '7782-50-5'),
(2632, 'cotton dust', ''),
(2633, 'ethylene amines', ''),
(2634, 'chloramine', '10599-90-3'),
(2635, 'oil fly ash', ''),
(2636, 'osmium tetraoxide', '20816-12-0'),
(2637, 'phosgene', '75-44-5'),
(2638, 'caprolactam', '105-60-2'),
(2639, 'dibromochloropropane (DBCP)', '67708-83-2'),
(2640, 'dimethyl sulfate', '77-78-1'),
(2642, 'dicyclohexyl phthalate', '84-61-7'),
(2643, 'tetrachloroisophthalonitrile', '1897-45-6'),
(2644, 'diacetyl', '431-03-8'),
(2645, 'irritant gases', ''),
(2648, 'polyamide-amine dyes', ''),
(2649, 'acramin-FWN', ''),
(2650, 'thionyl chloride', '7719-09-7'),
(2651, 'hydrochloric acid', '7647-01-0'),
(2652, 'tellurium', '13494-80-9'),
(2653, 'iron oxide', '1332-37-2'),
(2654, 'osmium', '7440-04-2'),
(2656, 'organic dusts', ''),
(2657, 'hemp dust', ''),
(2658, 'jute dust', ''),
(2660, 'fire smoke', ''),
(2661, 'engine exhaust', ''),
(2662, 'welding fumes', ''),
(2663, 'carbon black', '1333-86-4'),
(2664, 'flax dust', ''),
(2665, 'sisal dust', ''),
(2666, 'sodium hydroxide', '1310-73-2'),
(2667, 'nickel carbonyl', '13463-39-3'),
(2668, 'nylon fibers', ''),
(2669, 'magnesium', '7439-95-4'),
(2670, 'zinc oxide', '1314-13-2'),
(2671, 'titanium', '7440-32-6'),
(2672, 'ceramic fibers', ''),
(2673, 'talc', ''),
(2674, 'bentonite', '1302-78-9'),
(2675, 'attapulgite', '12174-11-7'),
(2677, 'wollastonite', '13983-17-0'),
(2680, 'Teflon', ''),
(2681, 'polyvinyl fluoride', '24981-14-4'),
(2682, 'polytetrafluoroethylene', '9002-84-0'),
(2684, 'nitrogen oxides', ''),
(2685, 'chloro-phosphate compounds', ''),
(2686, 'thioureas', ''),
(2688, 'diisocyanates', ''),
(2689, 'guar gum', ''),
(2690, 'metal salts', ''),
(2691, 'VOCs', ''),
(2692, 'zirconium', '7440-67-7'),
(2694, 'lithium', '7439-93-2'),
(2695, 'carbamates', ''),
(2696, 'chlorpyrifos', '2921-88-2'),
(2697, 'heptachlor', '76-44-8'),
(2698, 'hexachlorobenzene', '118-74-1'),
(2701, 'silicone / parafin breast implants', ''),
(2702, 'UV radiation', ''),
(2703, '3-(phenylamino)alanine', '145545-23-9'),
(2704, 'DES', ''),
(2705, 'iodine', '7553-56-2'),
(2706, 'benzo(a)pyrene', '50-32-8'),
(2707, 'methyl isocyanate', '624-83-9'),
(2708, 'PCDDs', ''),
(2710, 'aldicarb', '116-06-3'),
(2714, 'titanium dioxide', '13463-67-7'),
(2715, 'urethane', '51-79-6'),
(2716, 'cleaning agents', ''),
(2717, 'diethyl-m-toluamine (DEET)', '134-62-3'),
(2718, 'pyridostigmine bromide', '101-26-8'),
(2719, 'silicones', ''),
(2720, 'estrogens / DES', ''),
(2721, 'paint thinners / removers', ''),
(2723, 'metaphenylenediamine', '108-45-2'),
(2724, 'naphtha', '8030-30-6'),
(2726, 'hair dyes', ''),
(2727, 'oleyl-anilide', ''),
(2728, 'acrylamide', '79-06-1'),
(2729, 'asulam', '3337-71-1'),
(2730, 'propylene oxide', '75-56-9'),
(2731, 'anabolic steroids', ''),
(2732, 'methylhydrazine', '60-34-4'),
(2734, 'metam sodium', '137-42-8'),
(2735, 'vinyl bromide', '593-60-2'),
(2736, 'vinyl fluoride', '75-02-5'),
(2737, '4-aminobiphenyl', '92-67-1'),
(2738, 'auramine', '492-80-8'),
(2740, 'benzidine', '92-87-5'),
(2741, '4,4''-methylenebis(2-chloroaniline) MOCA (aromatic amine)', '101-14-4'),
(2742, 'benzidine-derived dyes', ''),
(2743, 'direct blue 6', '2602-46-2'),
(2744, 'direct black 38', '1937-37-7'),
(2745, 'direct brown 95', '16071-86-6'),
(2746, 'chlordimeform/4-COT', '6164-98-3'),
(2747, 'nitrobiphenyl', '28984-85-2'),
(2748, 'chlornaphazine', '494-03-1'),
(2750, 'o-toluidine', '95-53-4'),
(2751, 'trihalomethanes', ''),
(2752, 'chlorination byproducts', ''),
(2753, 'p-cresidine', '120-71-8'),
(2754, 'cacodylic acid', '75-60-5'),
(2755, 'carbaryl', '63-25-2'),
(2756, 'dichloropropene', '26952-23-8'),
(2757, 'o-phenyl-phenol', '90-43-7'),
(2758, 'bifenthrin', '82657-04-3'),
(2759, 'saccharin', '81-07-2'),
(2760, 'radium', '7440-14-4'),
(2762, 'acrylonitrile', '107-13-1'),
(2763, 'oil mists', ''),
(2764, 'radiofrequency fields', ''),
(2768, '2-naphthylamine', '91-59-8'),
(2769, 'progestins', ''),
(2770, '1,2-dibromoethane', '106-93-4'),
(2771, '1,1-dichloroethane', '75-34-3'),
(2772, '1,2-dichloropropane', '78-87-5'),
(2773, '1,2,3-trichloropropane', '96-18-4'),
(2774, 'aldrin', '309-00-2'),
(2776, 'herbicides', ''),
(2777, 'cyanazine', '21725-46-2'),
(2778, 'oryzalin', '19044-88-3'),
(2779, 'propazine', '139-40-2'),
(2780, 'simazine', '122-34-9'),
(2781, 'tribenuron methyl', '101200-48-0'),
(2784, 'furans, not otherwise specified', ''),
(2785, 'chlorophenols', ''),
(2786, 'aldrin / dieldrin', '60-57-1'),
(2787, 'dinitrotoluenes', ''),
(2789, 'copper sulfate', '7758-98-7'),
(2790, 'p-dichlorobenzene', '106-46-7'),
(2791, 'gasoline', ''),
(2792, 'mineral oils', ''),
(2793, 'lubricating oils', ''),
(2794, 'sulfur mustard (mustard gas)', '505-60-2'),
(2796, 'glyphosate', '1071-83-6'),
(2797, 'nitrapyrin', '1929-82-4'),
(2798, 'sulfuric acid', '7664-93-9'),
(2799, 'diethyl sulfate', '64-67-5'),
(2800, 'leather dust', ''),
(2801, 'aflatoxin B1 (aflatoxins)', '1162-65-8'),
(2802, 'androgens', ''),
(2804, '1,4-dioxane', '123-91-1'),
(2806, 'isoprene', '78-79-5'),
(2807, 'benomyl', '17804-35-2'),
(2808, 'cyproconazole', '94361-06-5'),
(2810, 'furancarboxamide', '609-38-1'),
(2811, 'iprodione', '36734-19-7'),
(2812, 'prochloraz', '67747-09-5'),
(2813, 'propiconazole', '60207-90-1'),
(2814, 'tebuconazole', '107534-96-3'),
(2815, 'triadimefon', '43121-43-3'),
(2816, 'triadimenol', '55219-65-3'),
(2817, 'uniconazole', '83657-22-1'),
(2818, 'acifluorfen', '50594-66-6'),
(2819, 'amitrole', '61-82-5'),
(2820, 'bromacil', '314-40-9'),
(2821, 'bromoxynil', '1689-84-5'),
(2822, 'chloramben', '133-90-4'),
(2823, 'dichlobenil', '1194-65-6'),
(2824, 'diclofop-methyl', '51338-27-3'),
(2825, 'furmecyclox', '60568-05-0'),
(2826, 'haloxyfop-methyl', '69806-40-2'),
(2827, 'lactofen', '77501-63-4'),
(2828, 'metolachlor', '51218-45-2'),
(2829, 'nitrofen', '1836-75-5'),
(2830, 'oxadiazon', '19666-30-9'),
(2831, 'oxadixyl', '77732-09-3'),
(2832, 'oxyfluorofen', '42874-03-3'),
(2833, 'pronamide', '23950-58-5'),
(2834, 'quizalofop-ethyl', '76578-14-8'),
(2835, 'triallate', '303-17-5'),
(2837, 'chlorbenzilate', '510-15-6'),
(2838, 'dicofol', '115-32-2'),
(2839, 'endrin', '72-20-8'),
(2841, 'toxaphene', '8001-35-2'),
(2842, 'acephate', '30560-19-1'),
(2843, 'tetrachlorovinphos', '961-11-5'),
(2844, 'formalin', ''),
(2845, 'TCDD', ''),
(2846, 'chloromethyl ethers', ''),
(2849, 'acid aerosols', ''),
(2851, 'NNK', ''),
(2852, 'benz(a)anthracene', '56-55-3'),
(2855, 'bromoform', '75-25-2'),
(2856, 'glasswool', ''),
(2857, 'rockwool', ''),
(2858, 'slagwool', ''),
(2861, 'nitrosomorpholine', '59-89-2'),
(2862, 'daminozide (Alar)', '1596-84-5'),
(2863, 'metolachlor', '51218-45-2'),
(2864, 'pendimethalin', '40487-42-1'),
(2866, 'terrazole', '2593-15-9'),
(2867, 'tetranitromethane', '509-14-8'),
(2869, 'creosotes', '8001-58-9'),
(2870, 'dicamba', '1918-00-9'),
(2871, 'malathion', '121-75-5'),
(2872, 'insecticides', ''),
(2874, 'MCPA', ''),
(2875, 'mecoprop', '93-65-2'),
(2879, 'erionite', '12510-42-8'),
(2880, 'zeolite', '1318-02-1'),
(2882, 'petrochemicals', ''),
(2883, 'chromium (VI)', '18540-29-9'),
(2884, 'diisopropyl sulfate', '2973-10-6'),
(2885, 'isopropyl oils', ''),
(2886, 'hexamethylphosphoramide', '680-31-9'),
(2887, 'ethylene dibromide (EDB)', '106-93-4'),
(2888, 'acetochlor', '34256-82-1'),
(2889, 'smokeless tobacco products', ''),
(2890, 'NNN', ''),
(2892, 'calcium cyanamide', '156-62-7'),
(2893, 'triazene herbicides', ''),
(2894, 'ethylan', '72-56-0'),
(2895, 'nitrophenol', '25154-55-6'),
(2896, 'chlorhydrin', '96-24-2'),
(2897, 'quinclorac', '84087-01-4'),
(2898, 'bisphenol A', '80-05-7'),
(2900, 'PhIP (2-amino-1-methyl-6-phenylimidazol(4,5-b)pyridine)', ''),
(2902, 'shale oils', ''),
(2903, 'dibenz(a,h)anthracene', '53-70-3'),
(2904, 'dimethyl benzanthracene', '56-56-4'),
(2905, 'methylcholanthrene', '56-49-5'),
(2908, 'hexaconazole', '79983-71-4'),
(2909, 'methoxychlor', '72-43-5'),
(2910, 'ethylene thiourea (ETU)', '96-45-7'),
(2911, 'PBDEs (polybrominated diphenyl ethers), not otherwise specified', ''),
(2912, 'fenbuconazole', '114369-43-6'),
(2913, 'maneb', '12427-38-2'),
(2914, 'mancozeb', '8018-01-7'),
(2915, 'tycor', '64529-56-2'),
(2916, 'zineb', '12122-67-7'),
(2917, 'clofentezine', '74115-24-5'),
(2919, 'prodiamine', '29091-21-2'),
(2920, 'thiazopyr', '117718-60-2'),
(2921, 'treflan', '1582-09-8'),
(2922, 'trifluralin', '1582-09-8'),
(2924, 'hydrofluoric acid', '7664-39-3'),
(2925, 'infrared radiation', ''),
(2929, 'microwave radiation', ''),
(2930, '2-bromopropane', '75-26-3'),
(2931, 'gossypol', '303-45-7'),
(2933, 'bromine ', '7726-95-6'),
(2935, 'dinoseb', '88-85-7'),
(2936, 'fenchlorphos', '299-84-3'),
(2937, 'molinate', '2212-67-1'),
(2939, 'chlorodiphenyl ether', '7005-72-3'),
(2941, 'methamidophos', '10265-92-6'),
(2942, 'vinclozolin', '50471-44-8'),
(2943, 'heat', ''),
(2944, 'radar', ''),
(2945, 'epichlorohydrin', '106-89-8'),
(2946, 'toluene diamine', '95-80-7'),
(2947, 'carbendazim', '10605-21-7'),
(2948, 'nitrous oxide', '10024-97-2'),
(2949, 'glycol ethers', ''),
(2950, '2-methoxyethanol', '109-86-4'),
(2951, '2-ethoxyethanol', '110-80-5'),
(2952, 'benzyl butyl phthalate (BBP)', '85-68-7'),
(2953, 'dibutyl phthalate (DBP)', '84-74-2'),
(2955, 'triphenyltin', '892-20-6'),
(2956, 'rodenticides', ''),
(2958, 'hydrogen cyanide', '74-90-8'),
(2959, 'nicotine', '54-11-5'),
(2960, 'methylazoxymethanol acetate', '592-62-1'),
(2961, 'organophosphate pesticides', ''),
(2963, 'N-methylpyrrolidone (NMP)', '872-50-4'),
(2966, 'dithiocarbamates', ''),
(2968, 'dinocap', '39300-45-3'),
(2969, 'thiocarbamates', ''),
(2970, 'cocaine', '50-36-2'),
(2971, 'noise', ''),
(2972, 'perfluorinated acids', ''),
(2973, 'di (2-ethylhexyl) phthalate (DEHP)/MEHP', '117-81-7'),
(2974, 'bioallethrin', '584-79-2'),
(2975, 'deltamethrin', '52918-63-5'),
(2976, 'cypermethrin', '52315-07-8'),
(2977, 'trimethyltin', '17272-57-0'),
(2978, 'cycad nut', ''),
(2979, 'B-dimethylaminopropionitrile (DMAPN)', '1738-25-6'),
(2982, 'methylenedianiline', '101-77-9'),
(2983, 'carbofuran', '1563-66-2'),
(2984, 'styrene', '100-42-5'),
(2985, 'ethyl acetate', '141-78-6'),
(2988, 'thorium', '7440-29-1'),
(2990, 'dimethyl sulfoxide', '67-68-5'),
(2991, 'jet fuel', ''),
(2992, 'JP-4', ''),
(2993, 'carbon tetrachloride', '56-23-5'),
(2995, 'propylene glycol', '57-55-6'),
(2996, 'n-Hexane', '110-54-3'),
(2997, 'MPTP', ''),
(2998, 'rotenone', '83-79-4'),
(3000, 'methyl n-butyl ketone', '591-78-6'),
(3002, 'fenvalerate', '51630-58-1'),
(3003, 'methyl methacrylate', '80-62-6'),
(3004, 'triethyltin', '997-50-2'),
(3005, 'telodrin', '297-78-9'),
(3006, 'halogenated hydrocarbons', ''),
(3007, 'hexane', '110-54-3'),
(3008, 'radioactive iodine (I131)', ''),
(3009, 'phenols', ''),
(3010, 'thiocyanate', '302-04-5 '),
(3012, 'plant toxins', ''),
(3013, 'tobacco smoke (active smoking)', ''),
(3014, 'glutaraldehyde', '111-30-8'),
(3015, '1-bromopropane', '106-94-5'),
(3016, 'imidazole', '288-32-4'),
(3017, 'heptachlor epoxide', '1024-57-3'),
(3018, 'diisononyl phthalate', '28553-12-0'),
(3019, 'di-n-butyl phthalate (DBP)', '84-74-2 '),
(3020, 'octylphenol', '140-66-9'),
(3021, 'nickel sulfate hexahydrate', '10101-97-0'),
(3022, 'gold sodium thiosulfate', '15283-45-1'),
(3023, 'thimerosal ', '8030-33-9'),
(3024, 'quaternium 15', '60789-82-4'),
(3025, 'DEET', '134-62-3'),
(3026, '2,2,4,4,5,5-hexachlorobiphenyl (PCB153) ', '35065-27-1'),
(3027, '1,2,3,4,6,7,8-heptachlorodibenzo-p-dioxin (HpCDD)', ''),
(3028, 'octachlorodibenzo-p-dioxin', '3268-87-9'),
(3029, 'oxychlordane', '26880-48-8'),
(3031, 'transnonachlor ', '39765-80-5'),
(3032, '1,1-dichloro-2,2-bis(p-chlorophenyl)ethylene (DDE)', '72-55-9'),
(3033, 'dichloroacetic acid', '79-43-6'),
(3034, 'p,p-oxybis(benzenesulfonyl hydrazide)', '80-51-3'),
(3035, 'anthraquinone', '84-65-1'),
(3036, '4-chloro-ortho-toluidine', '95-69-2'),
(3037, '4-vinylcyclohexene', '100-40-3'),
(3038, 'cumene', '98-82-8'),
(3039, 'vinyl cyclohexene dioxide', '106-87-6'),
(3040, 'phenyl glycidyl ether', '122-60-1'),
(3041, 'monomethylarsonic acid (MMA)', '124-58-3'),
(3042, '2-ethylhexanoic acid', '149-57-5'),
(3043, 'bis(chloro)methyl ether', '542-88-1 or 107-30-2'),
(3044, '2-chloropropionic acid', '598-78-7'),
(3045, 'dibromoacetic acid', '631-64-1'),
(3046, 'ethyl tert butyl ether', '637-92-3'),
(3047, 'phenylphosphine', '638-21-1'),
(3048, 'hexafluoroacetone', '684-16-2'),
(3049, 'tert-Amyl methyl ether (TAME)  ', '994-05-8'),
(3050, '2,2'',3,3'',4,4'',5,5'',6,6''-decabromodiphenyl ether (BDE-209)', '1163-19-5'),
(3051, 'gallium arsenide', '1303-00-0'),
(3052, 'cerium oxide', '1306-38-3'),
(3053, 'diglycidyl ether', '2238-07-5'),
(3054, 'n-Butyl glycidyl ether', '2426-08-6'),
(3055, '1,3,5-triglycidyl-s-triazinetrione', '2541-62-9'),
(3056, '2,2'',4,4''-tetrabromodiphenyl ether (BDE-47)', '005436-43-1'),
(3057, 'bromochloroacetic', '5589-96-8  '),
(3058, 'plutonium (see ionizing radiation)', '7440-07-5'),
(3059, 'resmethrin', '010453-86-8'),
(3060, 'indium phosphide', '22398-80-7'),
(3061, 'pirimicarb', '23103-98-2'),
(3062, '2,2'',4,4'',5-pentabromodiphenyl ether (BDE-99)', '60348-60-9'),
(3063, '2,2'',4,4'',5,5''-hexabromodiphenyl ether', '68631-49-2'),
(3064, 'mepanipyrim', '110235-47-7'),
(3065, 'iprovalicarb', ' 140923-17-7 and 140923-25-7'),
(3066, 'benthiavalicarb-isopropyl', '177406-68-7'),
(3067, 'di-isodecyl phthalate (DIDP)', '68515-49-1 and 26761-40-0'),
(3068, '2,3,4,7,8-pentachlorodibenzofuran', '57117-31-4'),
(3069, '3,3'',4,4'',5-pentachlorobiphenyl (PCB126)', '057465-28-8');

--
-- Constraints for dumped tables
--

--
-- Constraints for table `Categories_Diseases`
--
ALTER TABLE `Categories_Diseases`
  ADD CONSTRAINT `Categories_Diseases_ibfk_1` FOREIGN KEY (`category_id`) REFERENCES `Categories` (`id`) ON DELETE CASCADE ON UPDATE CASCADE,
  ADD CONSTRAINT `Categories_Diseases_ibfk_2` FOREIGN KEY (`diseases_id`) REFERENCES `Diseases` (`id`) ON DELETE CASCADE ON UPDATE CASCADE;

--
-- Constraints for table `Diseases_Toxins`
--
ALTER TABLE `Diseases_Toxins`
  ADD CONSTRAINT `Diseases_Toxins_ibfk_1` FOREIGN KEY (`disease_id`) REFERENCES `Diseases` (`id`) ON DELETE CASCADE ON UPDATE CASCADE,
  ADD CONSTRAINT `Diseases_Toxins_ibfk_2` FOREIGN KEY (`toxin_id`) REFERENCES `Toxins` (`id`) ON DELETE CASCADE ON UPDATE CASCADE;

/*!40101 SET CHARACTER_SET_CLIENT=@OLD_CHARACTER_SET_CLIENT */;
/*!40101 SET CHARACTER_SET_RESULTS=@OLD_CHARACTER_SET_RESULTS */;
/*!40101 SET COLLATION_CONNECTION=@OLD_COLLATION_CONNECTION */;
